-- phpMyAdmin SQL Dump
-- version 5.2.1
-- https://www.phpmyadmin.net/
--
-- Host: 127.0.0.1
-- Generation Time: Jan 24, 2026 at 08:24 AM
-- Server version: 10.4.32-MariaDB
-- PHP Version: 8.0.30

SET SQL_MODE = "NO_AUTO_VALUE_ON_ZERO";
START TRANSACTION;
SET time_zone = "+00:00";


/*!40101 SET @OLD_CHARACTER_SET_CLIENT=@@CHARACTER_SET_CLIENT */;
/*!40101 SET @OLD_CHARACTER_SET_RESULTS=@@CHARACTER_SET_RESULTS */;
/*!40101 SET @OLD_COLLATION_CONNECTION=@@COLLATION_CONNECTION */;
/*!40101 SET NAMES utf8mb4 */;

--
-- Database: `khaservice_hr_db`
--

-- --------------------------------------------------------

--
-- Table structure for table `attendance`
--

CREATE TABLE `attendance` (
  `id` int(11) NOT NULL,
  `employee_id` int(11) NOT NULL,
  `project_id` int(11) NOT NULL,
  `shift_id` int(11) NOT NULL,
  `date` date NOT NULL,
  `check_in` datetime DEFAULT NULL,
  `check_out` datetime DEFAULT NULL,
  `status` enum('working','completed','absent','leave','late','early') DEFAULT 'working',
  `timekeeper_symbol` varchar(10) DEFAULT NULL,
  `overtime_hours` float DEFAULT 0,
  `is_manual_import` tinyint(1) DEFAULT 0,
  `note` text DEFAULT NULL,
  `created_at` timestamp NOT NULL DEFAULT current_timestamp(),
  `updated_at` timestamp NOT NULL DEFAULT current_timestamp() ON UPDATE current_timestamp(),
  `target_project_id` int(11) DEFAULT 0 COMMENT 'ID du an den ho tro'
) ENGINE=InnoDB DEFAULT CHARSET=utf8mb4 COLLATE=utf8mb4_general_ci;

--
-- Dumping data for table `attendance`
--

INSERT INTO `attendance` (`id`, `employee_id`, `project_id`, `shift_id`, `date`, `check_in`, `check_out`, `status`, `timekeeper_symbol`, `overtime_hours`, `is_manual_import`, `note`, `created_at`, `updated_at`, `target_project_id`) VALUES
(1, 1, 37, 1, '2026-01-20', '2026-01-20 05:23:24', NULL, 'working', 'X', 0, 0, NULL, '2026-01-20 04:23:24', '2026-01-22 07:19:33', 0),
(2, 2, 37, 0, '2026-01-01', NULL, NULL, 'working', 'L', 0, 0, NULL, '2026-01-21 06:04:21', '2026-01-24 02:32:00', 0),
(3, 2, 37, 0, '2026-01-02', NULL, NULL, 'working', 'X', 0, 0, NULL, '2026-01-21 06:04:21', '2026-01-24 02:32:00', 0),
(4, 2, 37, 0, '2026-01-03', NULL, NULL, 'working', 'X', 12, 0, NULL, '2026-01-21 06:04:21', '2026-01-24 02:37:07', 10),
(5, 2, 37, 0, '2026-01-04', NULL, NULL, 'working', NULL, 0, 0, NULL, '2026-01-21 06:04:21', '2026-01-24 02:32:00', 0),
(6, 2, 37, 0, '2026-01-05', NULL, NULL, 'working', 'X', 0, 0, NULL, '2026-01-21 06:04:21', '2026-01-24 02:32:00', 0),
(7, 2, 37, 0, '2026-01-06', NULL, NULL, 'working', 'X', 0, 0, NULL, '2026-01-21 06:04:21', '2026-01-24 02:32:00', 0),
(8, 2, 37, 0, '2026-01-07', NULL, NULL, 'working', 'X', 0, 0, NULL, '2026-01-21 06:04:21', '2026-01-24 02:32:00', 0),
(9, 2, 37, 0, '2026-01-08', NULL, NULL, 'working', 'X', 0, 0, NULL, '2026-01-21 06:04:21', '2026-01-24 02:32:00', 0),
(10, 2, 37, 0, '2026-01-09', NULL, NULL, 'working', 'X', 0, 0, NULL, '2026-01-21 06:04:21', '2026-01-24 02:32:00', 0),
(11, 2, 37, 0, '2026-01-10', NULL, NULL, 'working', 'X', 0, 0, NULL, '2026-01-21 06:04:21', '2026-01-24 02:32:00', 0),
(12, 2, 37, 0, '2026-01-11', NULL, NULL, 'working', NULL, 0, 0, NULL, '2026-01-21 06:04:21', '2026-01-24 02:32:00', 0),
(13, 2, 37, 0, '2026-01-12', NULL, NULL, 'working', 'X', 0, 0, NULL, '2026-01-21 06:04:21', '2026-01-24 02:32:00', 0),
(14, 2, 37, 0, '2026-01-13', NULL, NULL, 'working', 'X', 0, 0, NULL, '2026-01-21 06:04:21', '2026-01-24 02:32:00', 0),
(15, 2, 37, 0, '2026-01-14', NULL, NULL, 'working', 'X', 0, 0, NULL, '2026-01-21 06:04:21', '2026-01-24 02:32:00', 0),
(16, 2, 37, 0, '2026-01-15', NULL, NULL, 'working', 'X', 0, 0, NULL, '2026-01-21 06:04:21', '2026-01-24 02:32:00', 0),
(17, 2, 37, 0, '2026-01-16', NULL, NULL, 'working', 'X', 0, 0, NULL, '2026-01-21 06:04:21', '2026-01-24 02:32:00', 0),
(18, 2, 37, 0, '2026-01-17', NULL, NULL, 'working', 'X', 0, 0, NULL, '2026-01-21 06:04:21', '2026-01-24 02:32:00', 0),
(19, 2, 37, 0, '2026-01-18', NULL, NULL, 'working', NULL, 0, 0, NULL, '2026-01-21 06:04:21', '2026-01-24 02:32:00', 0),
(20, 2, 37, 0, '2026-01-19', NULL, NULL, 'working', 'X', 0, 0, NULL, '2026-01-21 06:04:21', '2026-01-24 02:32:00', 0),
(21, 2, 37, 0, '2026-01-20', NULL, NULL, 'working', 'X', 0, 0, NULL, '2026-01-21 06:04:21', '2026-01-24 02:32:00', 0),
(22, 2, 37, 0, '2026-01-21', NULL, NULL, 'working', 'X', 0, 0, NULL, '2026-01-21 06:04:21', '2026-01-24 02:32:00', 0),
(23, 2, 37, 0, '2026-01-22', NULL, NULL, 'working', 'X', 0, 0, NULL, '2026-01-21 06:04:21', '2026-01-24 02:32:00', 0),
(24, 2, 37, 0, '2026-01-23', NULL, NULL, 'working', 'X', 0, 0, NULL, '2026-01-21 06:04:21', '2026-01-24 02:32:00', 0),
(25, 2, 37, 0, '2026-01-24', NULL, NULL, 'working', 'X', 0, 0, NULL, '2026-01-21 06:04:21', '2026-01-24 02:32:00', 0),
(26, 2, 37, 0, '2026-01-25', NULL, NULL, 'working', NULL, 0, 0, NULL, '2026-01-21 06:04:21', '2026-01-24 02:32:00', 0),
(27, 2, 37, 0, '2026-01-26', NULL, NULL, 'working', 'X', 0, 0, NULL, '2026-01-21 06:04:21', '2026-01-24 02:32:00', 0),
(28, 2, 37, 0, '2026-01-27', NULL, NULL, 'working', 'P', 0, 0, NULL, '2026-01-21 06:04:21', '2026-01-24 02:32:00', 0),
(29, 2, 37, 0, '2026-01-28', NULL, NULL, 'working', 'P', 0, 0, NULL, '2026-01-21 06:04:21', '2026-01-24 02:32:00', 0),
(30, 2, 37, 0, '2026-01-29', NULL, NULL, 'working', 'X', 0, 0, NULL, '2026-01-21 06:04:21', '2026-01-24 02:32:00', 0),
(31, 2, 37, 0, '2026-01-30', NULL, NULL, 'working', 'X', 0, 0, NULL, '2026-01-21 06:04:21', '2026-01-24 02:32:00', 0),
(32, 2, 37, 0, '2026-01-31', NULL, NULL, 'working', 'X', 0, 0, NULL, '2026-01-21 06:04:21', '2026-01-24 02:32:00', 0),
(33, 14, 32, 0, '2026-01-01', NULL, NULL, 'working', 'L', 12, 0, NULL, '2026-01-21 07:49:23', '2026-01-23 03:20:57', 1),
(34, 14, 32, 0, '2026-01-02', NULL, NULL, 'working', 'X', 12, 0, NULL, '2026-01-21 07:49:23', '2026-01-23 03:20:57', 2),
(35, 14, 32, 0, '2026-01-03', NULL, NULL, 'working', 'X', 12, 0, NULL, '2026-01-21 07:49:23', '2026-01-23 03:20:57', 2),
(36, 14, 32, 0, '2026-01-05', NULL, NULL, 'working', 'X', 12, 0, NULL, '2026-01-21 07:49:23', '2026-01-23 03:20:57', 3),
(37, 14, 32, 0, '2026-01-06', NULL, NULL, 'working', 'X', 12, 0, NULL, '2026-01-21 07:49:23', '2026-01-23 03:20:57', 2),
(38, 14, 32, 0, '2026-01-07', NULL, NULL, 'working', 'X', 12, 0, NULL, '2026-01-21 07:49:23', '2026-01-23 03:20:57', 0),
(39, 14, 32, 0, '2026-01-08', NULL, NULL, 'working', 'X', 12, 0, NULL, '2026-01-21 07:49:23', '2026-01-23 03:20:57', 0),
(40, 14, 32, 0, '2026-01-09', NULL, NULL, 'working', 'X', 12, 0, NULL, '2026-01-21 07:49:23', '2026-01-24 03:44:44', 0),
(41, 14, 32, 0, '2026-01-10', NULL, NULL, 'working', 'X', 12, 0, NULL, '2026-01-21 07:49:23', '2026-01-24 03:44:44', 0),
(42, 14, 32, 0, '2026-01-12', NULL, NULL, 'working', 'X', 12, 0, NULL, '2026-01-21 07:49:23', '2026-01-24 03:44:44', 0),
(43, 14, 32, 0, '2026-01-13', NULL, NULL, 'working', 'X', 12, 0, NULL, '2026-01-21 07:49:23', '2026-01-24 03:44:44', 0),
(44, 14, 32, 0, '2026-01-14', NULL, NULL, 'working', 'X', 12, 0, NULL, '2026-01-21 07:49:23', '2026-01-24 03:44:44', 0),
(45, 14, 32, 0, '2026-01-15', NULL, NULL, 'working', 'X', 12, 0, NULL, '2026-01-21 07:49:23', '2026-01-24 03:44:44', 0),
(46, 14, 32, 0, '2026-01-16', NULL, NULL, 'working', 'X', 12, 0, NULL, '2026-01-21 07:49:23', '2026-01-24 03:44:44', 0),
(47, 14, 32, 0, '2026-01-17', NULL, NULL, 'working', 'X', 0, 0, NULL, '2026-01-21 07:49:23', '2026-01-21 07:49:23', 0),
(48, 14, 32, 0, '2026-01-19', NULL, NULL, 'working', 'X', 0, 0, NULL, '2026-01-21 07:49:23', '2026-01-21 07:49:23', 0),
(49, 14, 32, 0, '2026-01-20', NULL, NULL, 'working', 'X', 0, 0, NULL, '2026-01-21 07:49:23', '2026-01-21 07:49:23', 0),
(50, 14, 32, 0, '2026-01-21', NULL, NULL, 'working', 'X', 0, 0, NULL, '2026-01-21 07:49:23', '2026-01-21 07:49:23', 0),
(51, 14, 32, 0, '2026-01-22', NULL, NULL, 'working', 'X', 0, 0, NULL, '2026-01-21 07:49:23', '2026-01-21 07:49:23', 0),
(52, 14, 32, 0, '2026-01-23', NULL, NULL, 'working', 'X', 0, 0, NULL, '2026-01-21 07:49:23', '2026-01-21 07:49:23', 0),
(53, 14, 32, 0, '2026-01-24', NULL, NULL, 'working', 'X', 0, 0, NULL, '2026-01-21 07:49:23', '2026-01-21 07:49:23', 0),
(54, 14, 32, 0, '2026-01-26', NULL, NULL, 'working', 'X', 0, 0, NULL, '2026-01-21 07:49:23', '2026-01-21 07:49:23', 0),
(55, 14, 32, 0, '2026-01-27', NULL, NULL, 'working', 'X', 0, 0, NULL, '2026-01-21 07:49:23', '2026-01-21 07:49:23', 0),
(56, 14, 32, 0, '2026-01-28', NULL, NULL, 'working', 'X', 0, 0, NULL, '2026-01-21 07:49:23', '2026-01-21 07:49:23', 0),
(57, 14, 32, 0, '2026-01-29', NULL, NULL, 'working', 'X', 0, 0, NULL, '2026-01-21 07:49:23', '2026-01-21 07:49:23', 0),
(58, 14, 32, 0, '2026-01-30', NULL, NULL, 'working', 'X', 0, 0, NULL, '2026-01-21 07:49:23', '2026-01-21 07:49:23', 0),
(59, 14, 32, 0, '2026-01-31', NULL, NULL, 'working', 'X', 0, 0, NULL, '2026-01-21 07:49:23', '2026-01-21 07:49:23', 0),
(60, 12, 32, 0, '2026-01-01', NULL, NULL, 'working', 'L', 0, 0, NULL, '2026-01-21 07:58:52', '2026-01-21 08:24:41', 0),
(61, 12, 32, 0, '2026-01-02', NULL, NULL, 'working', 'X', 0, 0, NULL, '2026-01-21 07:58:52', '2026-01-22 06:35:08', 0),
(62, 12, 32, 0, '2026-01-03', NULL, NULL, 'working', 'X', 0, 0, NULL, '2026-01-21 07:58:52', '2026-01-21 07:58:52', 0),
(63, 12, 32, 0, '2026-01-05', NULL, NULL, 'working', 'X', 0, 0, NULL, '2026-01-21 07:58:52', '2026-01-22 06:35:08', 0),
(64, 12, 32, 0, '2026-01-06', NULL, NULL, 'working', 'X', 0, 0, NULL, '2026-01-21 07:58:52', '2026-01-21 07:58:52', 0),
(65, 12, 32, 0, '2026-01-07', NULL, NULL, 'working', 'X', 0, 0, NULL, '2026-01-21 07:58:52', '2026-01-21 07:58:52', 0),
(66, 12, 32, 0, '2026-01-08', NULL, NULL, 'working', 'X', 0, 0, NULL, '2026-01-21 07:58:52', '2026-01-22 06:35:08', 0),
(67, 12, 32, 0, '2026-01-09', NULL, NULL, 'working', 'X', 0, 0, NULL, '2026-01-21 07:58:52', '2026-01-22 06:35:08', 0),
(68, 12, 32, 0, '2026-01-10', NULL, NULL, 'working', 'X', 0, 0, NULL, '2026-01-21 07:58:52', '2026-01-22 06:35:08', 0),
(69, 12, 32, 0, '2026-01-12', NULL, NULL, 'working', 'X', 0, 0, NULL, '2026-01-21 08:23:46', '2026-01-22 06:35:08', 0),
(70, 12, 32, 0, '2026-01-13', NULL, NULL, 'working', 'P', 0, 0, NULL, '2026-01-21 08:23:46', '2026-01-22 03:31:11', 0),
(71, 12, 32, 0, '2026-01-14', NULL, NULL, 'working', 'P', 0, 0, NULL, '2026-01-21 08:23:46', '2026-01-22 03:31:11', 0),
(72, 12, 32, 0, '2026-01-15', NULL, NULL, 'working', 'X', 0, 0, NULL, '2026-01-21 08:23:46', '2026-01-21 08:23:46', 0),
(73, 12, 32, 0, '2026-01-16', NULL, NULL, 'working', 'X', 0, 0, NULL, '2026-01-21 08:23:46', '2026-01-22 06:35:08', 0),
(74, 12, 32, 0, '2026-01-17', NULL, NULL, 'working', 'X', 0, 0, NULL, '2026-01-21 08:23:46', '2026-01-21 08:23:46', 0),
(75, 12, 32, 0, '2026-01-19', NULL, NULL, 'working', 'X', 0, 0, NULL, '2026-01-21 08:23:46', '2026-01-22 06:35:08', 0),
(76, 12, 32, 0, '2026-01-20', NULL, NULL, 'working', 'X', 0, 0, NULL, '2026-01-21 08:23:46', '2026-01-21 08:23:46', 0),
(77, 12, 32, 0, '2026-01-21', NULL, NULL, 'working', 'X', 0, 0, NULL, '2026-01-21 08:23:46', '2026-01-21 08:23:46', 0),
(78, 12, 32, 0, '2026-01-22', NULL, NULL, 'working', 'X', 0, 0, NULL, '2026-01-21 08:23:46', '2026-01-21 08:23:46', 0),
(79, 12, 32, 0, '2026-01-23', NULL, NULL, 'working', 'X', 0, 0, NULL, '2026-01-21 08:23:46', '2026-01-21 08:23:46', 0),
(80, 12, 32, 0, '2026-01-24', NULL, NULL, 'working', 'X', 0, 0, NULL, '2026-01-21 08:23:46', '2026-01-21 08:23:46', 0),
(81, 12, 32, 0, '2026-01-26', NULL, NULL, 'working', 'X', 0, 0, NULL, '2026-01-21 08:23:46', '2026-01-21 08:23:46', 0),
(82, 12, 32, 0, '2026-01-27', NULL, NULL, 'working', 'X', 0, 0, NULL, '2026-01-21 08:23:46', '2026-01-21 08:23:46', 0),
(83, 12, 32, 0, '2026-01-28', NULL, NULL, 'working', 'X', 0, 0, NULL, '2026-01-21 08:23:46', '2026-01-21 08:23:46', 0),
(84, 12, 32, 0, '2026-01-29', NULL, NULL, 'working', 'X', 0, 0, NULL, '2026-01-21 08:23:46', '2026-01-21 08:23:46', 0),
(85, 12, 32, 0, '2026-01-30', NULL, NULL, 'working', 'X', 0, 0, NULL, '2026-01-21 08:23:46', '2026-01-21 08:23:46', 0),
(86, 12, 32, 0, '2026-01-31', NULL, NULL, 'working', 'X', 0, 0, NULL, '2026-01-21 08:23:46', '2026-01-21 08:23:46', 0),
(87, 12, 32, 0, '2026-01-11', NULL, NULL, 'working', NULL, 0, 0, NULL, '2026-01-22 03:59:08', '2026-01-22 06:35:08', 0),
(88, 15, 32, 0, '2026-01-01', NULL, NULL, 'working', NULL, 0, 0, NULL, '2026-01-22 04:46:07', '2026-01-22 06:35:08', 0),
(89, 15, 32, 0, '2026-01-02', NULL, NULL, 'working', NULL, 0, 0, NULL, '2026-01-22 04:46:07', '2026-01-22 06:35:08', 0),
(90, 15, 32, 0, '2026-01-03', NULL, NULL, 'working', NULL, 0, 0, NULL, '2026-01-22 04:46:07', '2026-01-22 06:35:08', 0),
(91, 15, 32, 0, '2026-01-05', NULL, NULL, 'working', NULL, 0, 0, NULL, '2026-01-22 04:46:07', '2026-01-22 06:35:08', 0),
(92, 15, 32, 0, '2026-01-06', NULL, NULL, 'working', NULL, 0, 0, NULL, '2026-01-22 04:46:07', '2026-01-22 06:35:08', 0),
(93, 15, 32, 0, '2026-01-07', NULL, NULL, 'working', NULL, 0, 0, NULL, '2026-01-22 04:46:07', '2026-01-22 06:35:08', 0),
(94, 15, 32, 0, '2026-01-08', NULL, NULL, 'working', NULL, 0, 0, NULL, '2026-01-22 04:46:07', '2026-01-22 06:35:08', 0),
(95, 15, 32, 0, '2026-01-09', NULL, NULL, 'working', NULL, 0, 0, NULL, '2026-01-22 04:46:07', '2026-01-22 06:35:08', 0),
(96, 15, 32, 0, '2026-01-10', NULL, NULL, 'working', NULL, 0, 0, NULL, '2026-01-22 04:46:07', '2026-01-22 06:35:08', 0),
(97, 15, 32, 0, '2026-01-12', NULL, NULL, 'working', NULL, 0, 0, NULL, '2026-01-22 04:46:08', '2026-01-22 06:35:08', 0),
(98, 15, 32, 0, '2026-01-13', NULL, NULL, 'working', NULL, 0, 0, NULL, '2026-01-22 04:46:08', '2026-01-22 06:35:08', 0),
(99, 15, 32, 0, '2026-01-14', NULL, NULL, 'working', NULL, 0, 0, NULL, '2026-01-22 04:46:08', '2026-01-22 06:35:08', 0),
(100, 15, 32, 0, '2026-01-15', NULL, NULL, 'working', NULL, 0, 0, NULL, '2026-01-22 04:46:08', '2026-01-22 06:35:08', 0),
(101, 15, 32, 0, '2026-01-16', NULL, NULL, 'working', NULL, 0, 0, NULL, '2026-01-22 04:46:08', '2026-01-22 06:35:08', 0),
(102, 15, 32, 0, '2026-01-17', NULL, NULL, 'working', NULL, 0, 0, NULL, '2026-01-22 04:46:08', '2026-01-22 06:35:08', 0),
(103, 15, 32, 0, '2026-01-19', NULL, NULL, 'working', NULL, 0, 0, NULL, '2026-01-22 04:46:08', '2026-01-22 06:35:08', 0),
(104, 15, 32, 0, '2026-01-20', NULL, NULL, 'working', NULL, 0, 0, NULL, '2026-01-22 04:46:08', '2026-01-22 06:35:08', 0),
(105, 15, 32, 0, '2026-01-21', NULL, NULL, 'working', NULL, 0, 0, NULL, '2026-01-22 04:46:08', '2026-01-22 06:35:08', 0),
(106, 15, 32, 0, '2026-01-22', NULL, NULL, 'working', NULL, 0, 0, NULL, '2026-01-22 04:46:08', '2026-01-22 06:35:08', 0),
(107, 2, 13, 0, '2025-10-01', NULL, NULL, 'working', 'X', 0, 0, NULL, '2026-01-22 05:49:23', '2026-01-22 05:49:23', 0),
(108, 2, 13, 0, '2025-10-02', NULL, NULL, 'working', 'X', 0, 0, NULL, '2026-01-22 05:49:23', '2026-01-22 05:49:23', 0),
(109, 2, 13, 0, '2025-10-03', NULL, NULL, 'working', 'X', 0, 0, NULL, '2026-01-22 05:49:23', '2026-01-22 05:49:23', 0),
(110, 2, 13, 0, '2025-10-04', NULL, NULL, 'working', 'X', 0, 0, NULL, '2026-01-22 05:49:23', '2026-01-22 05:49:23', 0),
(111, 2, 13, 0, '2025-10-06', NULL, NULL, 'working', 'X', 0, 0, NULL, '2026-01-22 05:49:23', '2026-01-22 05:49:23', 0),
(112, 2, 13, 0, '2025-10-07', NULL, NULL, 'working', 'X', 0, 0, NULL, '2026-01-22 05:49:23', '2026-01-22 05:49:23', 0),
(113, 2, 13, 0, '2025-10-08', NULL, NULL, 'working', 'X', 0, 0, NULL, '2026-01-22 05:49:23', '2026-01-22 05:49:23', 0),
(114, 2, 13, 0, '2025-10-09', NULL, NULL, 'working', 'X', 0, 0, NULL, '2026-01-22 05:49:23', '2026-01-22 05:49:23', 0),
(115, 2, 13, 0, '2025-10-10', NULL, NULL, 'working', 'X', 0, 0, NULL, '2026-01-22 05:49:23', '2026-01-22 05:49:23', 0),
(116, 2, 13, 0, '2025-10-11', NULL, NULL, 'working', 'X', 0, 0, NULL, '2026-01-22 05:49:23', '2026-01-22 05:49:23', 0),
(117, 2, 13, 0, '2025-10-13', NULL, NULL, 'working', 'X', 0, 0, NULL, '2026-01-22 05:49:23', '2026-01-22 05:49:23', 0),
(118, 2, 13, 0, '2025-10-14', NULL, NULL, 'working', 'X', 0, 0, NULL, '2026-01-22 05:49:23', '2026-01-22 05:49:23', 0),
(119, 2, 13, 0, '2025-10-15', NULL, NULL, 'working', 'X', 0, 0, NULL, '2026-01-22 05:49:23', '2026-01-22 05:49:23', 0),
(120, 2, 13, 0, '2025-10-16', NULL, NULL, 'working', 'X', 0, 0, NULL, '2026-01-22 05:49:23', '2026-01-22 05:49:23', 0),
(121, 2, 13, 0, '2025-10-17', NULL, NULL, 'working', 'X', 0, 0, NULL, '2026-01-22 05:49:23', '2026-01-22 05:49:23', 0),
(122, 2, 13, 0, '2025-10-18', NULL, NULL, 'working', 'X', 0, 0, NULL, '2026-01-22 05:49:23', '2026-01-22 05:49:23', 0),
(123, 2, 13, 0, '2025-10-20', NULL, NULL, 'working', 'P', 0, 0, NULL, '2026-01-22 05:49:23', '2026-01-22 05:55:46', 0),
(124, 2, 13, 0, '2025-10-21', NULL, NULL, 'working', 'P', 0, 0, NULL, '2026-01-22 05:49:23', '2026-01-22 05:55:46', 0),
(125, 2, 13, 0, '2025-10-22', NULL, NULL, 'working', 'X', 0, 0, NULL, '2026-01-22 05:49:23', '2026-01-22 05:49:23', 0),
(126, 2, 13, 0, '2025-10-23', NULL, NULL, 'working', 'X', 0, 0, NULL, '2026-01-22 05:49:23', '2026-01-22 05:49:23', 0),
(127, 2, 13, 0, '2025-10-24', NULL, NULL, 'working', 'X', 0, 0, NULL, '2026-01-22 05:49:23', '2026-01-22 05:49:23', 0),
(128, 2, 13, 0, '2025-10-25', NULL, NULL, 'working', 'X', 0, 0, NULL, '2026-01-22 05:49:23', '2026-01-22 05:49:23', 0),
(129, 2, 13, 0, '2025-10-27', NULL, NULL, 'working', 'X', 0, 0, NULL, '2026-01-22 05:49:23', '2026-01-22 05:49:23', 0),
(130, 2, 13, 0, '2025-10-28', NULL, NULL, 'working', 'X', 0, 0, NULL, '2026-01-22 05:49:23', '2026-01-22 05:49:23', 0),
(131, 2, 13, 0, '2025-10-29', NULL, NULL, 'working', 'X', 0, 0, NULL, '2026-01-22 05:49:23', '2026-01-22 05:49:23', 0),
(132, 2, 13, 0, '2025-10-30', NULL, NULL, 'working', 'X', 0, 0, NULL, '2026-01-22 05:49:23', '2026-01-22 05:49:23', 0),
(133, 2, 13, 0, '2025-10-31', NULL, NULL, 'working', 'X', 0, 0, NULL, '2026-01-22 05:49:23', '2026-01-22 05:49:23', 0),
(134, 2, 13, 0, '2025-11-01', NULL, NULL, 'working', 'X', 0, 0, NULL, '2026-01-22 05:49:50', '2026-01-22 05:49:50', 0),
(135, 2, 13, 0, '2025-11-02', NULL, NULL, 'working', 'X', 0, 0, NULL, '2026-01-22 05:49:50', '2026-01-22 05:49:50', 0),
(136, 13, 32, 0, '2026-01-01', NULL, NULL, 'working', 'L', 0, 0, NULL, '2026-01-22 06:35:08', '2026-01-22 06:35:08', 0),
(137, 13, 32, 0, '2026-01-02', NULL, NULL, 'working', 'X', 0, 0, NULL, '2026-01-22 06:35:08', '2026-01-22 06:35:08', 0),
(138, 13, 32, 0, '2026-01-03', NULL, NULL, 'working', 'X', 0, 0, NULL, '2026-01-22 06:35:08', '2026-01-22 06:35:08', 0),
(139, 13, 32, 0, '2026-01-05', NULL, NULL, 'working', 'X', 0, 0, NULL, '2026-01-22 06:35:08', '2026-01-22 06:35:08', 0),
(140, 13, 32, 0, '2026-01-06', NULL, NULL, 'working', 'X', 0, 0, NULL, '2026-01-22 06:35:08', '2026-01-22 06:35:08', 0),
(141, 13, 32, 0, '2026-01-07', NULL, NULL, 'working', 'X', 0, 0, NULL, '2026-01-22 06:35:08', '2026-01-22 06:35:08', 0),
(142, 13, 32, 0, '2026-01-08', NULL, NULL, 'working', 'X', 0, 0, NULL, '2026-01-22 06:35:08', '2026-01-22 06:35:08', 0),
(143, 13, 32, 0, '2026-01-09', NULL, NULL, 'working', 'X', 0, 0, NULL, '2026-01-22 06:35:08', '2026-01-22 06:35:08', 0),
(144, 13, 32, 0, '2026-01-10', NULL, NULL, 'working', 'X', 0, 0, NULL, '2026-01-22 06:35:08', '2026-01-22 06:35:08', 0),
(145, 13, 32, 0, '2026-01-12', NULL, NULL, 'working', 'X', 0, 0, NULL, '2026-01-22 06:35:08', '2026-01-22 06:35:08', 0),
(146, 13, 32, 0, '2026-01-13', NULL, NULL, 'working', 'X', 0, 0, NULL, '2026-01-22 06:35:08', '2026-01-22 06:35:08', 0),
(147, 13, 32, 0, '2026-01-14', NULL, NULL, 'working', 'X', 0, 0, NULL, '2026-01-22 06:35:08', '2026-01-22 06:35:08', 0),
(148, 13, 32, 0, '2026-01-15', NULL, NULL, 'working', 'X', 0, 0, NULL, '2026-01-22 06:35:08', '2026-01-22 06:35:08', 0),
(149, 13, 32, 0, '2026-01-16', NULL, NULL, 'working', 'X', 0, 0, NULL, '2026-01-22 06:35:08', '2026-01-22 06:35:08', 0),
(150, 13, 32, 0, '2026-01-17', NULL, NULL, 'working', 'X', 0, 0, NULL, '2026-01-22 06:35:08', '2026-01-22 06:35:08', 0),
(151, 13, 32, 0, '2026-01-19', NULL, NULL, 'working', 'X', 0, 0, NULL, '2026-01-22 06:35:08', '2026-01-22 06:35:08', 0),
(152, 13, 32, 0, '2026-01-20', NULL, NULL, 'working', 'X', 0, 0, NULL, '2026-01-22 06:35:08', '2026-01-22 06:35:08', 0),
(153, 13, 32, 0, '2026-01-21', NULL, NULL, 'working', 'X', 0, 0, NULL, '2026-01-22 06:35:08', '2026-01-22 06:35:08', 0),
(154, 13, 32, 0, '2026-01-22', NULL, NULL, 'working', 'X', 0, 0, NULL, '2026-01-22 06:35:08', '2026-01-22 06:35:08', 0),
(155, 13, 32, 0, '2026-01-23', NULL, NULL, 'working', 'X', 0, 0, NULL, '2026-01-22 06:35:08', '2026-01-22 06:35:08', 0),
(156, 13, 32, 0, '2026-01-24', NULL, NULL, 'working', 'X', 0, 0, NULL, '2026-01-22 06:35:08', '2026-01-22 06:35:08', 0),
(157, 13, 32, 0, '2026-01-26', NULL, NULL, 'working', 'X', 0, 0, NULL, '2026-01-22 06:35:08', '2026-01-22 06:35:08', 0),
(158, 13, 32, 0, '2026-01-27', NULL, NULL, 'working', 'X', 0, 0, NULL, '2026-01-22 06:35:08', '2026-01-22 06:35:08', 0),
(159, 13, 32, 0, '2026-01-28', NULL, NULL, 'working', 'X', 0, 0, NULL, '2026-01-22 06:35:08', '2026-01-22 06:35:08', 0),
(160, 13, 32, 0, '2026-01-29', NULL, NULL, 'working', 'X', 0, 0, NULL, '2026-01-22 06:35:08', '2026-01-22 06:35:08', 0),
(161, 13, 32, 0, '2026-01-30', NULL, NULL, 'working', 'X', 0, 0, NULL, '2026-01-22 06:35:08', '2026-01-22 06:35:08', 0),
(162, 13, 32, 0, '2026-01-31', NULL, NULL, 'working', 'X', 0, 0, NULL, '2026-01-22 06:35:08', '2026-01-22 06:35:08', 0),
(163, 1, 37, 0, '2026-01-01', NULL, NULL, 'working', 'L', 0, 0, NULL, '2026-01-22 07:19:33', '2026-01-22 07:19:47', 0),
(164, 1, 37, 0, '2026-01-02', NULL, NULL, 'working', 'X', 0, 0, NULL, '2026-01-22 07:19:33', '2026-01-22 07:19:33', 0),
(165, 1, 37, 0, '2026-01-03', NULL, NULL, 'working', 'X', 12, 0, NULL, '2026-01-22 07:19:33', '2026-01-23 03:27:04', 0),
(166, 1, 37, 0, '2026-01-05', NULL, NULL, 'working', 'X', 12, 0, NULL, '2026-01-22 07:19:33', '2026-01-23 03:27:04', 14),
(167, 1, 37, 0, '2026-01-06', NULL, NULL, 'working', 'X', 0, 0, NULL, '2026-01-22 07:19:33', '2026-01-23 03:26:50', 0),
(168, 1, 37, 0, '2026-01-07', NULL, NULL, 'working', 'X', 0, 0, NULL, '2026-01-22 07:19:33', '2026-01-23 03:26:16', 0),
(169, 1, 37, 0, '2026-01-08', NULL, NULL, 'working', 'X', 0, 0, NULL, '2026-01-22 07:19:33', '2026-01-23 03:26:16', 0),
(170, 1, 37, 0, '2026-01-09', NULL, NULL, 'working', 'X', 0, 0, NULL, '2026-01-22 07:19:33', '2026-01-23 03:26:16', 0),
(171, 1, 37, 0, '2026-01-10', NULL, NULL, 'working', 'X', 0, 0, NULL, '2026-01-22 07:19:33', '2026-01-23 03:26:16', 0),
(172, 1, 37, 0, '2026-01-12', NULL, NULL, 'working', 'X', 0, 0, NULL, '2026-01-22 07:19:33', '2026-01-23 03:26:16', 0),
(173, 1, 37, 0, '2026-01-13', NULL, NULL, 'working', 'X', 0, 0, NULL, '2026-01-22 07:19:33', '2026-01-23 03:26:16', 0),
(174, 1, 37, 0, '2026-01-14', NULL, NULL, 'working', 'X', 0, 0, NULL, '2026-01-22 07:19:33', '2026-01-23 03:26:16', 0),
(175, 1, 37, 0, '2026-01-15', NULL, NULL, 'working', 'X', 0, 0, NULL, '2026-01-22 07:19:33', '2026-01-22 07:19:33', 0),
(176, 1, 37, 0, '2026-01-16', NULL, NULL, 'working', 'X', 0, 0, NULL, '2026-01-22 07:19:33', '2026-01-22 07:19:33', 0),
(177, 1, 37, 0, '2026-01-17', NULL, NULL, 'working', 'X', 0, 0, NULL, '2026-01-22 07:19:33', '2026-01-22 07:19:33', 0),
(178, 1, 37, 0, '2026-01-19', NULL, NULL, 'working', 'X', 0, 0, NULL, '2026-01-22 07:19:33', '2026-01-22 07:19:33', 0),
(179, 1, 37, 0, '2026-01-21', NULL, NULL, 'working', 'X', 0, 0, NULL, '2026-01-22 07:19:33', '2026-01-22 07:19:33', 0),
(180, 1, 37, 0, '2026-01-22', NULL, NULL, 'working', 'X', 0, 0, NULL, '2026-01-22 07:19:33', '2026-01-22 07:19:33', 0),
(181, 1, 37, 0, '2026-01-23', NULL, NULL, 'working', 'X', 0, 0, NULL, '2026-01-22 07:19:33', '2026-01-22 07:19:33', 0),
(182, 1, 37, 0, '2026-01-24', NULL, NULL, 'working', 'X', 0, 0, NULL, '2026-01-22 07:19:33', '2026-01-22 07:19:33', 0),
(183, 1, 37, 0, '2026-01-26', NULL, NULL, 'working', 'X', 0, 0, NULL, '2026-01-22 07:19:33', '2026-01-22 07:19:33', 0),
(184, 1, 37, 0, '2026-01-27', NULL, NULL, 'working', 'X', 0, 0, NULL, '2026-01-22 07:19:33', '2026-01-22 07:19:33', 0),
(185, 1, 37, 0, '2026-01-28', NULL, NULL, 'working', 'X', 0, 0, NULL, '2026-01-22 07:19:33', '2026-01-22 07:19:33', 0),
(186, 1, 37, 0, '2026-01-29', NULL, NULL, 'working', 'X', 0, 0, NULL, '2026-01-22 07:19:33', '2026-01-22 07:19:33', 0),
(187, 1, 37, 0, '2026-01-30', NULL, NULL, 'working', 'X', 0, 0, NULL, '2026-01-22 07:19:33', '2026-01-22 07:19:33', 0),
(188, 1, 37, 0, '2026-01-31', NULL, NULL, 'working', 'X', 0, 0, NULL, '2026-01-22 07:19:33', '2026-01-22 07:19:33', 0),
(189, 44, 14, 0, '2026-01-01', NULL, NULL, 'working', 'L', 0, 0, NULL, '2026-01-23 03:47:49', '2026-01-23 03:59:02', 0),
(190, 44, 14, 0, '2026-01-02', NULL, NULL, 'working', 'X', 0, 0, NULL, '2026-01-23 03:47:49', '2026-01-23 03:58:17', 0),
(191, 41, 14, 0, '2026-01-15', NULL, NULL, 'working', 'X', 0, 0, NULL, '2026-01-23 03:47:49', '2026-01-23 03:58:18', 0),
(192, 41, 14, 0, '2026-01-16', NULL, NULL, 'working', 'X', 0, 0, NULL, '2026-01-23 03:47:49', '2026-01-23 03:58:18', 0),
(193, 41, 14, 0, '2026-01-17', NULL, NULL, 'working', 'X', 0, 0, NULL, '2026-01-23 03:47:49', '2026-01-23 03:58:18', 0),
(194, 41, 14, 0, '2026-01-19', NULL, NULL, 'working', 'X', 0, 0, NULL, '2026-01-23 03:47:49', '2026-01-23 03:58:18', 0),
(195, 41, 14, 0, '2026-01-20', NULL, NULL, 'working', 'X', 0, 0, NULL, '2026-01-23 03:47:49', '2026-01-23 03:58:18', 0),
(196, 41, 14, 0, '2026-01-21', NULL, NULL, 'working', 'X', 0, 0, NULL, '2026-01-23 03:47:49', '2026-01-23 03:58:18', 0),
(197, 41, 14, 0, '2026-01-22', NULL, NULL, 'working', 'X', 0, 0, NULL, '2026-01-23 03:47:49', '2026-01-23 03:58:18', 0),
(198, 41, 14, 0, '2026-01-23', NULL, NULL, 'working', 'X', 0, 0, NULL, '2026-01-23 03:47:49', '2026-01-23 03:58:18', 0),
(199, 41, 14, 0, '2026-01-24', NULL, NULL, 'working', 'X', 0, 0, NULL, '2026-01-23 03:47:49', '2026-01-23 03:58:18', 0),
(200, 41, 14, 0, '2026-01-26', NULL, NULL, 'working', 'X', 0, 0, NULL, '2026-01-23 03:47:49', '2026-01-23 03:58:18', 0),
(201, 41, 14, 0, '2026-01-27', NULL, NULL, 'working', 'X', 0, 0, NULL, '2026-01-23 03:47:49', '2026-01-23 03:58:18', 0),
(202, 41, 14, 0, '2026-01-28', NULL, NULL, 'working', 'X', 0, 0, NULL, '2026-01-23 03:47:49', '2026-01-23 03:58:18', 0),
(203, 41, 14, 0, '2026-01-29', NULL, NULL, 'working', 'X', 0, 0, NULL, '2026-01-23 03:47:49', '2026-01-23 03:58:18', 0),
(204, 41, 14, 0, '2026-01-30', NULL, NULL, 'working', 'X', 0, 0, NULL, '2026-01-23 03:47:49', '2026-01-23 03:58:18', 0),
(205, 41, 14, 0, '2026-01-31', NULL, NULL, 'working', 'X', 0, 0, NULL, '2026-01-23 03:47:49', '2026-01-23 03:58:18', 0),
(206, 44, 14, 0, '2026-01-03', NULL, NULL, 'working', 'X', 0, 0, NULL, '2026-01-23 03:58:17', '2026-01-23 03:58:17', 0),
(207, 44, 14, 0, '2026-01-04', NULL, NULL, 'working', NULL, 0, 0, NULL, '2026-01-23 03:58:17', '2026-01-23 04:00:45', 0),
(208, 44, 14, 0, '2026-01-05', NULL, NULL, 'working', 'X', 0, 0, NULL, '2026-01-23 03:58:17', '2026-01-23 03:58:17', 0),
(209, 44, 14, 0, '2026-01-06', NULL, NULL, 'working', 'X', 0, 0, NULL, '2026-01-23 03:58:17', '2026-01-23 03:58:17', 0),
(210, 44, 14, 0, '2026-01-07', NULL, NULL, 'working', 'X', 0, 0, NULL, '2026-01-23 03:58:17', '2026-01-23 03:58:17', 0),
(211, 44, 14, 0, '2026-01-08', NULL, NULL, 'working', 'X', 0, 0, NULL, '2026-01-23 03:58:17', '2026-01-23 03:58:17', 0),
(212, 44, 14, 0, '2026-01-09', NULL, NULL, 'working', 'X', 0, 0, NULL, '2026-01-23 03:58:17', '2026-01-23 03:58:17', 0),
(213, 44, 14, 0, '2026-01-10', NULL, NULL, 'working', 'X', 0, 0, NULL, '2026-01-23 03:58:17', '2026-01-23 03:58:17', 0),
(214, 44, 14, 0, '2026-01-11', NULL, NULL, 'working', NULL, 0, 0, NULL, '2026-01-23 03:58:17', '2026-01-23 04:00:45', 0),
(215, 44, 14, 0, '2026-01-12', NULL, NULL, 'working', 'X', 0, 0, NULL, '2026-01-23 03:58:17', '2026-01-23 03:58:17', 0),
(216, 44, 14, 0, '2026-01-13', NULL, NULL, 'working', 'X', 0, 0, NULL, '2026-01-23 03:58:17', '2026-01-23 03:58:17', 0),
(217, 44, 14, 0, '2026-01-14', NULL, NULL, 'working', 'X', 0, 0, NULL, '2026-01-23 03:58:17', '2026-01-23 03:58:17', 0),
(218, 44, 14, 0, '2026-01-15', NULL, NULL, 'working', 'X', 0, 0, NULL, '2026-01-23 03:58:17', '2026-01-23 03:58:17', 0),
(219, 44, 14, 0, '2026-01-16', NULL, NULL, 'working', 'X', 0, 0, NULL, '2026-01-23 03:58:17', '2026-01-23 03:58:17', 0),
(220, 44, 14, 0, '2026-01-17', NULL, NULL, 'working', 'X', 0, 0, NULL, '2026-01-23 03:58:17', '2026-01-23 03:58:17', 0),
(221, 44, 14, 0, '2026-01-18', NULL, NULL, 'working', NULL, 0, 0, NULL, '2026-01-23 03:58:17', '2026-01-23 04:00:45', 0),
(222, 44, 14, 0, '2026-01-19', NULL, NULL, 'working', 'X', 0, 0, NULL, '2026-01-23 03:58:17', '2026-01-23 03:58:17', 0),
(223, 44, 14, 0, '2026-01-20', NULL, NULL, 'working', 'X', 0, 0, NULL, '2026-01-23 03:58:17', '2026-01-23 03:58:17', 0),
(224, 44, 14, 0, '2026-01-21', NULL, NULL, 'working', 'X', 0, 0, NULL, '2026-01-23 03:58:17', '2026-01-23 03:58:17', 0),
(225, 44, 14, 0, '2026-01-22', NULL, NULL, 'working', 'X', 0, 0, NULL, '2026-01-23 03:58:17', '2026-01-23 03:58:17', 0),
(226, 44, 14, 0, '2026-01-23', NULL, NULL, 'working', 'X', 0, 0, NULL, '2026-01-23 03:58:17', '2026-01-23 03:58:17', 0),
(227, 44, 14, 0, '2026-01-24', NULL, NULL, 'working', 'X', 0, 0, NULL, '2026-01-23 03:58:17', '2026-01-23 03:58:17', 0),
(228, 44, 14, 0, '2026-01-25', NULL, NULL, 'working', NULL, 0, 0, NULL, '2026-01-23 03:58:17', '2026-01-23 04:00:45', 0),
(229, 44, 14, 0, '2026-01-26', NULL, NULL, 'working', 'X', 0, 0, NULL, '2026-01-23 03:58:17', '2026-01-23 03:58:17', 0),
(230, 44, 14, 0, '2026-01-27', NULL, NULL, 'working', 'X', 0, 0, NULL, '2026-01-23 03:58:17', '2026-01-23 03:58:17', 0),
(231, 44, 14, 0, '2026-01-28', NULL, NULL, 'working', 'X', 0, 0, NULL, '2026-01-23 03:58:17', '2026-01-23 03:58:17', 0),
(232, 44, 14, 0, '2026-01-29', NULL, NULL, 'working', 'X', 0, 0, NULL, '2026-01-23 03:58:17', '2026-01-23 03:58:17', 0),
(233, 44, 14, 0, '2026-01-30', NULL, NULL, 'working', 'X', 0, 0, NULL, '2026-01-23 03:58:17', '2026-01-23 03:58:17', 0),
(234, 44, 14, 0, '2026-01-31', NULL, NULL, 'working', 'X', 0, 0, NULL, '2026-01-23 03:58:17', '2026-01-23 03:58:17', 0),
(235, 58, 14, 0, '2026-01-01', NULL, NULL, 'working', 'L', 0, 0, NULL, '2026-01-23 03:58:17', '2026-01-23 03:59:02', 0),
(236, 58, 14, 0, '2026-01-02', NULL, NULL, 'working', 'X', 0, 0, NULL, '2026-01-23 03:58:17', '2026-01-23 03:58:17', 0),
(237, 58, 14, 0, '2026-01-03', NULL, NULL, 'working', 'X', 0, 0, NULL, '2026-01-23 03:58:17', '2026-01-23 03:58:17', 0),
(238, 58, 14, 0, '2026-01-04', NULL, NULL, 'working', NULL, 0, 0, NULL, '2026-01-23 03:58:17', '2026-01-23 04:00:45', 0),
(239, 58, 14, 0, '2026-01-05', NULL, NULL, 'working', 'X', 0, 0, NULL, '2026-01-23 03:58:17', '2026-01-23 03:58:17', 0),
(240, 58, 14, 0, '2026-01-06', NULL, NULL, 'working', 'X', 0, 0, NULL, '2026-01-23 03:58:17', '2026-01-23 03:58:17', 0),
(241, 58, 14, 0, '2026-01-07', NULL, NULL, 'working', 'X', 0, 0, NULL, '2026-01-23 03:58:17', '2026-01-23 03:58:17', 0),
(242, 58, 14, 0, '2026-01-08', NULL, NULL, 'working', 'X', 0, 0, NULL, '2026-01-23 03:58:17', '2026-01-23 03:58:17', 0),
(243, 58, 14, 0, '2026-01-09', NULL, NULL, 'working', 'X', 0, 0, NULL, '2026-01-23 03:58:17', '2026-01-23 03:58:17', 0),
(244, 58, 14, 0, '2026-01-10', NULL, NULL, 'working', 'X', 0, 0, NULL, '2026-01-23 03:58:17', '2026-01-23 03:58:17', 0),
(245, 58, 14, 0, '2026-01-11', NULL, NULL, 'working', NULL, 0, 0, NULL, '2026-01-23 03:58:17', '2026-01-23 04:00:45', 0),
(246, 58, 14, 0, '2026-01-12', NULL, NULL, 'working', 'X', 0, 0, NULL, '2026-01-23 03:58:17', '2026-01-23 03:58:17', 0),
(247, 58, 14, 0, '2026-01-13', NULL, NULL, 'working', 'X', 0, 0, NULL, '2026-01-23 03:58:17', '2026-01-23 03:58:17', 0),
(248, 58, 14, 0, '2026-01-14', NULL, NULL, 'working', 'X', 0, 0, NULL, '2026-01-23 03:58:17', '2026-01-23 03:58:17', 0),
(249, 58, 14, 0, '2026-01-15', NULL, NULL, 'working', 'X', 0, 0, NULL, '2026-01-23 03:58:17', '2026-01-23 03:58:17', 0),
(250, 58, 14, 0, '2026-01-16', NULL, NULL, 'working', 'X', 0, 0, NULL, '2026-01-23 03:58:17', '2026-01-23 03:58:17', 0),
(251, 58, 14, 0, '2026-01-17', NULL, NULL, 'working', 'X', 0, 0, NULL, '2026-01-23 03:58:17', '2026-01-23 03:58:17', 0),
(252, 58, 14, 0, '2026-01-18', NULL, NULL, 'working', NULL, 0, 0, NULL, '2026-01-23 03:58:17', '2026-01-23 04:00:45', 0),
(253, 58, 14, 0, '2026-01-19', NULL, NULL, 'working', 'X', 0, 0, NULL, '2026-01-23 03:58:17', '2026-01-23 03:58:17', 0),
(254, 58, 14, 0, '2026-01-20', NULL, NULL, 'working', 'X', 0, 0, NULL, '2026-01-23 03:58:17', '2026-01-23 03:58:17', 0),
(255, 58, 14, 0, '2026-01-21', NULL, NULL, 'working', 'X', 0, 0, NULL, '2026-01-23 03:58:17', '2026-01-23 03:58:17', 0),
(256, 58, 14, 0, '2026-01-22', NULL, NULL, 'working', 'X', 0, 0, NULL, '2026-01-23 03:58:17', '2026-01-23 03:58:17', 0),
(257, 58, 14, 0, '2026-01-23', NULL, NULL, 'working', 'X', 0, 0, NULL, '2026-01-23 03:58:17', '2026-01-23 03:58:17', 0),
(258, 58, 14, 0, '2026-01-24', NULL, NULL, 'working', 'X', 0, 0, NULL, '2026-01-23 03:58:17', '2026-01-23 03:58:17', 0),
(259, 58, 14, 0, '2026-01-25', NULL, NULL, 'working', NULL, 0, 0, NULL, '2026-01-23 03:58:17', '2026-01-23 04:00:45', 0),
(260, 58, 14, 0, '2026-01-26', NULL, NULL, 'working', 'X', 0, 0, NULL, '2026-01-23 03:58:17', '2026-01-23 03:58:17', 0),
(261, 58, 14, 0, '2026-01-27', NULL, NULL, 'working', 'X', 0, 0, NULL, '2026-01-23 03:58:17', '2026-01-23 03:58:17', 0),
(262, 58, 14, 0, '2026-01-28', NULL, NULL, 'working', 'X', 0, 0, NULL, '2026-01-23 03:58:17', '2026-01-23 03:58:17', 0),
(263, 58, 14, 0, '2026-01-29', NULL, NULL, 'working', 'X', 0, 0, NULL, '2026-01-23 03:58:17', '2026-01-23 03:58:17', 0),
(264, 58, 14, 0, '2026-01-30', NULL, NULL, 'working', 'X', 0, 0, NULL, '2026-01-23 03:58:17', '2026-01-23 03:58:17', 0),
(265, 58, 14, 0, '2026-01-31', NULL, NULL, 'working', 'X', 0, 0, NULL, '2026-01-23 03:58:17', '2026-01-23 03:58:17', 0),
(266, 40, 14, 0, '2026-01-01', NULL, NULL, 'working', 'L', 0, 0, NULL, '2026-01-23 03:58:17', '2026-01-23 03:59:02', 0),
(267, 40, 14, 0, '2026-01-02', NULL, NULL, 'working', 'X', 0, 0, NULL, '2026-01-23 03:58:17', '2026-01-23 03:58:17', 0),
(268, 40, 14, 0, '2026-01-03', NULL, NULL, 'working', 'X', 0, 0, NULL, '2026-01-23 03:58:17', '2026-01-23 03:58:17', 0),
(269, 40, 14, 0, '2026-01-04', NULL, NULL, 'working', NULL, 0, 0, NULL, '2026-01-23 03:58:17', '2026-01-23 04:00:45', 0),
(270, 40, 14, 0, '2026-01-05', NULL, NULL, 'working', 'X', 0, 0, NULL, '2026-01-23 03:58:17', '2026-01-23 03:58:17', 0),
(271, 40, 14, 0, '2026-01-06', NULL, NULL, 'working', 'X', 0, 0, NULL, '2026-01-23 03:58:17', '2026-01-23 03:58:17', 0),
(272, 40, 14, 0, '2026-01-07', NULL, NULL, 'working', 'X', 0, 0, NULL, '2026-01-23 03:58:17', '2026-01-23 03:58:17', 0),
(273, 40, 14, 0, '2026-01-08', NULL, NULL, 'working', 'X', 0, 0, NULL, '2026-01-23 03:58:17', '2026-01-23 03:58:17', 0),
(274, 40, 14, 0, '2026-01-09', NULL, NULL, 'working', 'X', 0, 0, NULL, '2026-01-23 03:58:17', '2026-01-23 03:58:17', 0),
(275, 40, 14, 0, '2026-01-10', NULL, NULL, 'working', 'X', 0, 0, NULL, '2026-01-23 03:58:17', '2026-01-23 03:58:17', 0),
(276, 40, 14, 0, '2026-01-11', NULL, NULL, 'working', NULL, 0, 0, NULL, '2026-01-23 03:58:17', '2026-01-23 04:00:45', 0),
(277, 40, 14, 0, '2026-01-12', NULL, NULL, 'working', 'X', 0, 0, NULL, '2026-01-23 03:58:17', '2026-01-23 03:58:17', 0),
(278, 40, 14, 0, '2026-01-13', NULL, NULL, 'working', 'X', 0, 0, NULL, '2026-01-23 03:58:17', '2026-01-23 03:58:17', 0),
(279, 40, 14, 0, '2026-01-14', NULL, NULL, 'working', 'X', 0, 0, NULL, '2026-01-23 03:58:17', '2026-01-23 03:58:17', 0),
(280, 40, 14, 0, '2026-01-15', NULL, NULL, 'working', 'X', 0, 0, NULL, '2026-01-23 03:58:17', '2026-01-23 03:58:17', 0),
(281, 40, 14, 0, '2026-01-16', NULL, NULL, 'working', 'X', 0, 0, NULL, '2026-01-23 03:58:17', '2026-01-23 03:58:17', 0),
(282, 40, 14, 0, '2026-01-17', NULL, NULL, 'working', 'X', 0, 0, NULL, '2026-01-23 03:58:17', '2026-01-23 03:58:17', 0),
(283, 40, 14, 0, '2026-01-18', NULL, NULL, 'working', NULL, 0, 0, NULL, '2026-01-23 03:58:17', '2026-01-23 04:00:45', 0),
(284, 40, 14, 0, '2026-01-19', NULL, NULL, 'working', 'X', 0, 0, NULL, '2026-01-23 03:58:17', '2026-01-23 03:58:17', 0),
(285, 40, 14, 0, '2026-01-20', NULL, NULL, 'working', 'X', 0, 0, NULL, '2026-01-23 03:58:17', '2026-01-23 03:58:17', 0),
(286, 40, 14, 0, '2026-01-21', NULL, NULL, 'working', 'X', 0, 0, NULL, '2026-01-23 03:58:17', '2026-01-23 03:58:17', 0),
(287, 40, 14, 0, '2026-01-22', NULL, NULL, 'working', 'X', 0, 0, NULL, '2026-01-23 03:58:17', '2026-01-23 03:58:17', 0),
(288, 40, 14, 0, '2026-01-23', NULL, NULL, 'working', 'X', 0, 0, NULL, '2026-01-23 03:58:17', '2026-01-23 03:58:17', 0),
(289, 40, 14, 0, '2026-01-24', NULL, NULL, 'working', 'X', 0, 0, NULL, '2026-01-23 03:58:17', '2026-01-23 03:58:17', 0),
(290, 40, 14, 0, '2026-01-25', NULL, NULL, 'working', NULL, 0, 0, NULL, '2026-01-23 03:58:17', '2026-01-23 04:00:45', 0),
(291, 40, 14, 0, '2026-01-26', NULL, NULL, 'working', 'X', 0, 0, NULL, '2026-01-23 03:58:17', '2026-01-23 03:58:17', 0),
(292, 40, 14, 0, '2026-01-27', NULL, NULL, 'working', 'X', 0, 0, NULL, '2026-01-23 03:58:17', '2026-01-23 03:58:17', 0),
(293, 40, 14, 0, '2026-01-28', NULL, NULL, 'working', 'X', 0, 0, NULL, '2026-01-23 03:58:17', '2026-01-23 03:58:17', 0),
(294, 40, 14, 0, '2026-01-29', NULL, NULL, 'working', 'X', 0, 0, NULL, '2026-01-23 03:58:17', '2026-01-23 03:58:17', 0),
(295, 40, 14, 0, '2026-01-30', NULL, NULL, 'working', 'X', 0, 0, NULL, '2026-01-23 03:58:17', '2026-01-23 03:58:17', 0),
(296, 40, 14, 0, '2026-01-31', NULL, NULL, 'working', 'X', 0, 0, NULL, '2026-01-23 03:58:17', '2026-01-23 03:58:17', 0),
(297, 36, 14, 0, '2026-01-01', NULL, NULL, 'working', 'L', 0, 0, NULL, '2026-01-23 03:58:17', '2026-01-23 03:59:02', 0),
(298, 36, 14, 0, '2026-01-02', NULL, NULL, 'working', 'X', 0, 0, NULL, '2026-01-23 03:58:17', '2026-01-23 03:58:17', 0),
(299, 36, 14, 0, '2026-01-03', NULL, NULL, 'working', 'X', 0, 0, NULL, '2026-01-23 03:58:17', '2026-01-23 03:58:17', 0),
(300, 36, 14, 0, '2026-01-04', NULL, NULL, 'working', NULL, 0, 0, NULL, '2026-01-23 03:58:17', '2026-01-23 04:00:45', 0),
(301, 36, 14, 0, '2026-01-05', NULL, NULL, 'working', 'X', 0, 0, NULL, '2026-01-23 03:58:17', '2026-01-23 03:58:17', 0),
(302, 36, 14, 0, '2026-01-06', NULL, NULL, 'working', 'X', 0, 0, NULL, '2026-01-23 03:58:17', '2026-01-23 03:58:17', 0),
(303, 36, 14, 0, '2026-01-07', NULL, NULL, 'working', 'X', 0, 0, NULL, '2026-01-23 03:58:17', '2026-01-23 03:58:17', 0),
(304, 36, 14, 0, '2026-01-08', NULL, NULL, 'working', 'X', 0, 0, NULL, '2026-01-23 03:58:17', '2026-01-23 03:58:17', 0),
(305, 36, 14, 0, '2026-01-09', NULL, NULL, 'working', 'X', 0, 0, NULL, '2026-01-23 03:58:17', '2026-01-23 03:58:17', 0),
(306, 36, 14, 0, '2026-01-10', NULL, NULL, 'working', 'X', 0, 0, NULL, '2026-01-23 03:58:17', '2026-01-23 03:58:17', 0),
(307, 36, 14, 0, '2026-01-11', NULL, NULL, 'working', NULL, 0, 0, NULL, '2026-01-23 03:58:17', '2026-01-23 04:00:45', 0),
(308, 36, 14, 0, '2026-01-12', NULL, NULL, 'working', 'X', 0, 0, NULL, '2026-01-23 03:58:17', '2026-01-23 03:58:17', 0),
(309, 36, 14, 0, '2026-01-13', NULL, NULL, 'working', 'X', 0, 0, NULL, '2026-01-23 03:58:17', '2026-01-23 03:58:17', 0),
(310, 36, 14, 0, '2026-01-14', NULL, NULL, 'working', 'X', 0, 0, NULL, '2026-01-23 03:58:17', '2026-01-23 03:58:17', 0),
(311, 36, 14, 0, '2026-01-15', NULL, NULL, 'working', 'X', 0, 0, NULL, '2026-01-23 03:58:17', '2026-01-23 03:58:17', 0),
(312, 36, 14, 0, '2026-01-16', NULL, NULL, 'working', 'X', 0, 0, NULL, '2026-01-23 03:58:17', '2026-01-23 03:58:17', 0),
(313, 36, 14, 0, '2026-01-17', NULL, NULL, 'working', 'X', 0, 0, NULL, '2026-01-23 03:58:17', '2026-01-23 03:58:17', 0),
(314, 36, 14, 0, '2026-01-18', NULL, NULL, 'working', NULL, 0, 0, NULL, '2026-01-23 03:58:17', '2026-01-23 04:00:45', 0),
(315, 36, 14, 0, '2026-01-19', NULL, NULL, 'working', 'X', 0, 0, NULL, '2026-01-23 03:58:17', '2026-01-23 03:58:17', 0),
(316, 36, 14, 0, '2026-01-20', NULL, NULL, 'working', 'X', 0, 0, NULL, '2026-01-23 03:58:17', '2026-01-23 03:58:17', 0),
(317, 36, 14, 0, '2026-01-21', NULL, NULL, 'working', 'X', 0, 0, NULL, '2026-01-23 03:58:17', '2026-01-23 03:58:17', 0),
(318, 36, 14, 0, '2026-01-22', NULL, NULL, 'working', 'X', 0, 0, NULL, '2026-01-23 03:58:17', '2026-01-23 03:58:17', 0),
(319, 36, 14, 0, '2026-01-23', NULL, NULL, 'working', 'X', 0, 0, NULL, '2026-01-23 03:58:17', '2026-01-23 03:58:17', 0),
(320, 36, 14, 0, '2026-01-24', NULL, NULL, 'working', 'X', 0, 0, NULL, '2026-01-23 03:58:17', '2026-01-23 03:58:17', 0),
(321, 36, 14, 0, '2026-01-25', NULL, NULL, 'working', NULL, 0, 0, NULL, '2026-01-23 03:58:17', '2026-01-23 04:00:45', 0),
(322, 36, 14, 0, '2026-01-26', NULL, NULL, 'working', 'X', 0, 0, NULL, '2026-01-23 03:58:17', '2026-01-23 03:58:17', 0),
(323, 36, 14, 0, '2026-01-27', NULL, NULL, 'working', 'X', 0, 0, NULL, '2026-01-23 03:58:17', '2026-01-23 03:58:17', 0),
(324, 36, 14, 0, '2026-01-28', NULL, NULL, 'working', 'X', 0, 0, NULL, '2026-01-23 03:58:17', '2026-01-23 03:58:17', 0),
(325, 36, 14, 0, '2026-01-29', NULL, NULL, 'working', 'X', 0, 0, NULL, '2026-01-23 03:58:17', '2026-01-23 03:58:17', 0),
(326, 36, 14, 0, '2026-01-30', NULL, NULL, 'working', 'X', 0, 0, NULL, '2026-01-23 03:58:17', '2026-01-23 03:58:17', 0),
(327, 36, 14, 0, '2026-01-31', NULL, NULL, 'working', 'X', 0, 0, NULL, '2026-01-23 03:58:17', '2026-01-23 03:58:17', 0),
(328, 37, 14, 0, '2026-01-01', NULL, NULL, 'working', 'L', 0, 0, NULL, '2026-01-23 03:58:17', '2026-01-23 03:59:02', 0),
(329, 37, 14, 0, '2026-01-02', NULL, NULL, 'working', 'X', 0, 0, NULL, '2026-01-23 03:58:17', '2026-01-23 03:58:17', 0),
(330, 37, 14, 0, '2026-01-03', NULL, NULL, 'working', 'X', 0, 0, NULL, '2026-01-23 03:58:17', '2026-01-23 03:58:17', 0),
(331, 37, 14, 0, '2026-01-04', NULL, NULL, 'working', NULL, 0, 0, NULL, '2026-01-23 03:58:17', '2026-01-23 04:00:45', 0),
(332, 37, 14, 0, '2026-01-05', NULL, NULL, 'working', 'X', 0, 0, NULL, '2026-01-23 03:58:17', '2026-01-23 03:58:17', 0),
(333, 37, 14, 0, '2026-01-06', NULL, NULL, 'working', 'X', 0, 0, NULL, '2026-01-23 03:58:17', '2026-01-23 03:58:17', 0),
(334, 37, 14, 0, '2026-01-07', NULL, NULL, 'working', 'X', 0, 0, NULL, '2026-01-23 03:58:17', '2026-01-23 03:58:17', 0),
(335, 37, 14, 0, '2026-01-08', NULL, NULL, 'working', 'X', 0, 0, NULL, '2026-01-23 03:58:17', '2026-01-23 03:58:17', 0),
(336, 37, 14, 0, '2026-01-09', NULL, NULL, 'working', 'X', 0, 0, NULL, '2026-01-23 03:58:17', '2026-01-23 03:58:17', 0),
(337, 37, 14, 0, '2026-01-10', NULL, NULL, 'working', 'X', 0, 0, NULL, '2026-01-23 03:58:17', '2026-01-23 03:58:17', 0),
(338, 37, 14, 0, '2026-01-11', NULL, NULL, 'working', NULL, 0, 0, NULL, '2026-01-23 03:58:17', '2026-01-23 04:00:45', 0),
(339, 37, 14, 0, '2026-01-12', NULL, NULL, 'working', 'X', 0, 0, NULL, '2026-01-23 03:58:17', '2026-01-23 03:58:17', 0),
(340, 37, 14, 0, '2026-01-13', NULL, NULL, 'working', 'X', 0, 0, NULL, '2026-01-23 03:58:17', '2026-01-23 03:58:17', 0),
(341, 37, 14, 0, '2026-01-14', NULL, NULL, 'working', 'X', 0, 0, NULL, '2026-01-23 03:58:17', '2026-01-23 03:58:17', 0),
(342, 37, 14, 0, '2026-01-15', NULL, NULL, 'working', 'X', 0, 0, NULL, '2026-01-23 03:58:17', '2026-01-23 03:58:17', 0),
(343, 37, 14, 0, '2026-01-16', NULL, NULL, 'working', 'X', 0, 0, NULL, '2026-01-23 03:58:17', '2026-01-23 03:58:17', 0),
(344, 37, 14, 0, '2026-01-17', NULL, NULL, 'working', 'X', 0, 0, NULL, '2026-01-23 03:58:17', '2026-01-23 03:58:17', 0),
(345, 37, 14, 0, '2026-01-18', NULL, NULL, 'working', NULL, 0, 0, NULL, '2026-01-23 03:58:17', '2026-01-23 04:00:45', 0),
(346, 37, 14, 0, '2026-01-19', NULL, NULL, 'working', 'X', 0, 0, NULL, '2026-01-23 03:58:17', '2026-01-23 03:58:17', 0),
(347, 37, 14, 0, '2026-01-20', NULL, NULL, 'working', 'X', 0, 0, NULL, '2026-01-23 03:58:17', '2026-01-23 03:58:17', 0),
(348, 37, 14, 0, '2026-01-21', NULL, NULL, 'working', 'X', 0, 0, NULL, '2026-01-23 03:58:17', '2026-01-23 03:58:17', 0),
(349, 37, 14, 0, '2026-01-22', NULL, NULL, 'working', 'X', 0, 0, NULL, '2026-01-23 03:58:17', '2026-01-23 03:58:17', 0),
(350, 37, 14, 0, '2026-01-23', NULL, NULL, 'working', 'X', 0, 0, NULL, '2026-01-23 03:58:17', '2026-01-23 03:58:17', 0),
(351, 37, 14, 0, '2026-01-24', NULL, NULL, 'working', 'X', 0, 0, NULL, '2026-01-23 03:58:17', '2026-01-23 03:58:17', 0),
(352, 37, 14, 0, '2026-01-25', NULL, NULL, 'working', NULL, 0, 0, NULL, '2026-01-23 03:58:17', '2026-01-23 04:00:45', 0),
(353, 37, 14, 0, '2026-01-26', NULL, NULL, 'working', 'X', 0, 0, NULL, '2026-01-23 03:58:17', '2026-01-23 03:58:17', 0),
(354, 37, 14, 0, '2026-01-27', NULL, NULL, 'working', 'X', 0, 0, NULL, '2026-01-23 03:58:17', '2026-01-23 03:58:17', 0),
(355, 37, 14, 0, '2026-01-28', NULL, NULL, 'working', 'X', 0, 0, NULL, '2026-01-23 03:58:17', '2026-01-23 03:58:17', 0),
(356, 37, 14, 0, '2026-01-29', NULL, NULL, 'working', 'X', 0, 0, NULL, '2026-01-23 03:58:17', '2026-01-23 03:58:17', 0),
(357, 37, 14, 0, '2026-01-30', NULL, NULL, 'working', 'X', 0, 0, NULL, '2026-01-23 03:58:17', '2026-01-23 03:58:17', 0),
(358, 37, 14, 0, '2026-01-31', NULL, NULL, 'working', 'X', 0, 0, NULL, '2026-01-23 03:58:17', '2026-01-23 03:58:17', 0),
(359, 38, 14, 0, '2026-01-01', NULL, NULL, 'working', 'L', 0, 0, NULL, '2026-01-23 03:58:17', '2026-01-23 03:59:02', 0),
(360, 38, 14, 0, '2026-01-02', NULL, NULL, 'working', 'X', 0, 0, NULL, '2026-01-23 03:58:17', '2026-01-23 03:58:17', 0),
(361, 38, 14, 0, '2026-01-03', NULL, NULL, 'working', 'X', 0, 0, NULL, '2026-01-23 03:58:17', '2026-01-23 03:58:17', 0),
(362, 38, 14, 0, '2026-01-04', NULL, NULL, 'working', NULL, 0, 0, NULL, '2026-01-23 03:58:17', '2026-01-23 04:00:45', 0),
(363, 38, 14, 0, '2026-01-05', NULL, NULL, 'working', 'X', 0, 0, NULL, '2026-01-23 03:58:17', '2026-01-23 03:58:17', 0),
(364, 38, 14, 0, '2026-01-06', NULL, NULL, 'working', 'X', 0, 0, NULL, '2026-01-23 03:58:17', '2026-01-23 03:58:17', 0),
(365, 38, 14, 0, '2026-01-07', NULL, NULL, 'working', 'X', 0, 0, NULL, '2026-01-23 03:58:17', '2026-01-23 03:58:17', 0),
(366, 38, 14, 0, '2026-01-08', NULL, NULL, 'working', 'X', 0, 0, NULL, '2026-01-23 03:58:18', '2026-01-23 03:58:18', 0),
(367, 38, 14, 0, '2026-01-09', NULL, NULL, 'working', 'X', 0, 0, NULL, '2026-01-23 03:58:18', '2026-01-23 03:58:18', 0),
(368, 38, 14, 0, '2026-01-10', NULL, NULL, 'working', 'X', 0, 0, NULL, '2026-01-23 03:58:18', '2026-01-23 03:58:18', 0),
(369, 38, 14, 0, '2026-01-11', NULL, NULL, 'working', NULL, 0, 0, NULL, '2026-01-23 03:58:18', '2026-01-23 04:00:45', 0),
(370, 38, 14, 0, '2026-01-12', NULL, NULL, 'working', 'X', 0, 0, NULL, '2026-01-23 03:58:18', '2026-01-23 03:58:18', 0),
(371, 38, 14, 0, '2026-01-13', NULL, NULL, 'working', 'X', 0, 0, NULL, '2026-01-23 03:58:18', '2026-01-23 03:58:18', 0),
(372, 38, 14, 0, '2026-01-14', NULL, NULL, 'working', 'X', 0, 0, NULL, '2026-01-23 03:58:18', '2026-01-23 03:58:18', 0),
(373, 38, 14, 0, '2026-01-15', NULL, NULL, 'working', 'X', 0, 0, NULL, '2026-01-23 03:58:18', '2026-01-23 03:58:18', 0),
(374, 38, 14, 0, '2026-01-16', NULL, NULL, 'working', 'X', 0, 0, NULL, '2026-01-23 03:58:18', '2026-01-23 03:58:18', 0),
(375, 38, 14, 0, '2026-01-17', NULL, NULL, 'working', 'X', 0, 0, NULL, '2026-01-23 03:58:18', '2026-01-23 03:58:18', 0),
(376, 38, 14, 0, '2026-01-18', NULL, NULL, 'working', NULL, 0, 0, NULL, '2026-01-23 03:58:18', '2026-01-23 04:00:45', 0),
(377, 38, 14, 0, '2026-01-19', NULL, NULL, 'working', 'X', 0, 0, NULL, '2026-01-23 03:58:18', '2026-01-23 03:58:18', 0),
(378, 38, 14, 0, '2026-01-20', NULL, NULL, 'working', 'X', 0, 0, NULL, '2026-01-23 03:58:18', '2026-01-23 03:58:18', 0),
(379, 38, 14, 0, '2026-01-21', NULL, NULL, 'working', 'X', 0, 0, NULL, '2026-01-23 03:58:18', '2026-01-23 03:58:18', 0),
(380, 38, 14, 0, '2026-01-22', NULL, NULL, 'working', 'X', 0, 0, NULL, '2026-01-23 03:58:18', '2026-01-23 03:58:18', 0),
(381, 38, 14, 0, '2026-01-23', NULL, NULL, 'working', 'X', 0, 0, NULL, '2026-01-23 03:58:18', '2026-01-23 03:58:18', 0),
(382, 38, 14, 0, '2026-01-24', NULL, NULL, 'working', 'X', 0, 0, NULL, '2026-01-23 03:58:18', '2026-01-23 03:58:18', 0),
(383, 38, 14, 0, '2026-01-25', NULL, NULL, 'working', NULL, 0, 0, NULL, '2026-01-23 03:58:18', '2026-01-23 04:00:45', 0),
(384, 38, 14, 0, '2026-01-26', NULL, NULL, 'working', 'X', 0, 0, NULL, '2026-01-23 03:58:18', '2026-01-23 03:58:18', 0),
(385, 38, 14, 0, '2026-01-27', NULL, NULL, 'working', 'X', 0, 0, NULL, '2026-01-23 03:58:18', '2026-01-23 03:58:18', 0),
(386, 38, 14, 0, '2026-01-28', NULL, NULL, 'working', 'X', 0, 0, NULL, '2026-01-23 03:58:18', '2026-01-23 03:58:18', 0),
(387, 38, 14, 0, '2026-01-29', NULL, NULL, 'working', 'X', 0, 0, NULL, '2026-01-23 03:58:18', '2026-01-23 03:58:18', 0),
(388, 38, 14, 0, '2026-01-30', NULL, NULL, 'working', 'X', 0, 0, NULL, '2026-01-23 03:58:18', '2026-01-23 03:58:18', 0),
(389, 38, 14, 0, '2026-01-31', NULL, NULL, 'working', 'X', 0, 0, NULL, '2026-01-23 03:58:18', '2026-01-23 03:58:18', 0),
(390, 39, 14, 0, '2026-01-01', NULL, NULL, 'working', 'L', 0, 0, NULL, '2026-01-23 03:58:18', '2026-01-23 03:59:02', 0),
(391, 39, 14, 0, '2026-01-02', NULL, NULL, 'working', 'X', 0, 0, NULL, '2026-01-23 03:58:18', '2026-01-23 03:58:18', 0),
(392, 39, 14, 0, '2026-01-03', NULL, NULL, 'working', 'X', 0, 0, NULL, '2026-01-23 03:58:18', '2026-01-23 03:58:18', 0),
(393, 39, 14, 0, '2026-01-04', NULL, NULL, 'working', NULL, 0, 0, NULL, '2026-01-23 03:58:18', '2026-01-23 04:00:45', 0),
(394, 39, 14, 0, '2026-01-05', NULL, NULL, 'working', 'X', 0, 0, NULL, '2026-01-23 03:58:18', '2026-01-23 03:58:18', 0),
(395, 39, 14, 0, '2026-01-06', NULL, NULL, 'working', 'X', 0, 0, NULL, '2026-01-23 03:58:18', '2026-01-23 03:58:18', 0),
(396, 39, 14, 0, '2026-01-07', NULL, NULL, 'working', 'X', 0, 0, NULL, '2026-01-23 03:58:18', '2026-01-23 03:58:18', 0),
(397, 39, 14, 0, '2026-01-08', NULL, NULL, 'working', 'X', 0, 0, NULL, '2026-01-23 03:58:18', '2026-01-23 03:58:18', 0),
(398, 39, 14, 0, '2026-01-09', NULL, NULL, 'working', 'X', 0, 0, NULL, '2026-01-23 03:58:18', '2026-01-23 03:58:18', 0),
(399, 39, 14, 0, '2026-01-10', NULL, NULL, 'working', 'X', 0, 0, NULL, '2026-01-23 03:58:18', '2026-01-23 03:58:18', 0),
(400, 39, 14, 0, '2026-01-11', NULL, NULL, 'working', NULL, 0, 0, NULL, '2026-01-23 03:58:18', '2026-01-23 04:00:45', 0),
(401, 39, 14, 0, '2026-01-12', NULL, NULL, 'working', 'X', 0, 0, NULL, '2026-01-23 03:58:18', '2026-01-23 03:58:18', 0),
(402, 39, 14, 0, '2026-01-13', NULL, NULL, 'working', 'X', 0, 0, NULL, '2026-01-23 03:58:18', '2026-01-23 03:58:18', 0),
(403, 39, 14, 0, '2026-01-14', NULL, NULL, 'working', 'X', 0, 0, NULL, '2026-01-23 03:58:18', '2026-01-23 03:58:18', 0),
(404, 39, 14, 0, '2026-01-15', NULL, NULL, 'working', 'X', 0, 0, NULL, '2026-01-23 03:58:18', '2026-01-23 03:58:18', 0),
(405, 39, 14, 0, '2026-01-16', NULL, NULL, 'working', 'X', 0, 0, NULL, '2026-01-23 03:58:18', '2026-01-23 03:58:18', 0),
(406, 39, 14, 0, '2026-01-17', NULL, NULL, 'working', 'X', 0, 0, NULL, '2026-01-23 03:58:18', '2026-01-23 03:58:18', 0),
(407, 39, 14, 0, '2026-01-18', NULL, NULL, 'working', NULL, 0, 0, NULL, '2026-01-23 03:58:18', '2026-01-23 04:00:45', 0),
(408, 39, 14, 0, '2026-01-19', NULL, NULL, 'working', 'X', 0, 0, NULL, '2026-01-23 03:58:18', '2026-01-23 03:58:18', 0),
(409, 39, 14, 0, '2026-01-20', NULL, NULL, 'working', 'X', 0, 0, NULL, '2026-01-23 03:58:18', '2026-01-23 03:58:18', 0),
(410, 39, 14, 0, '2026-01-21', NULL, NULL, 'working', 'X', 0, 0, NULL, '2026-01-23 03:58:18', '2026-01-23 03:58:18', 0),
(411, 39, 14, 0, '2026-01-22', NULL, NULL, 'working', 'X', 0, 0, NULL, '2026-01-23 03:58:18', '2026-01-23 03:58:18', 0),
(412, 39, 14, 0, '2026-01-23', NULL, NULL, 'working', 'X', 0, 0, NULL, '2026-01-23 03:58:18', '2026-01-23 03:58:18', 0),
(413, 39, 14, 0, '2026-01-24', NULL, NULL, 'working', 'X', 0, 0, NULL, '2026-01-23 03:58:18', '2026-01-23 03:58:18', 0),
(414, 39, 14, 0, '2026-01-25', NULL, NULL, 'working', NULL, 0, 0, NULL, '2026-01-23 03:58:18', '2026-01-23 04:00:45', 0),
(415, 39, 14, 0, '2026-01-26', NULL, NULL, 'working', 'X', 0, 0, NULL, '2026-01-23 03:58:18', '2026-01-23 03:58:18', 0),
(416, 39, 14, 0, '2026-01-27', NULL, NULL, 'working', 'X', 0, 0, NULL, '2026-01-23 03:58:18', '2026-01-23 03:58:18', 0),
(417, 39, 14, 0, '2026-01-28', NULL, NULL, 'working', 'X', 0, 0, NULL, '2026-01-23 03:58:18', '2026-01-23 03:58:18', 0),
(418, 39, 14, 0, '2026-01-29', NULL, NULL, 'working', 'X', 0, 0, NULL, '2026-01-23 03:58:18', '2026-01-23 03:58:18', 0),
(419, 39, 14, 0, '2026-01-30', NULL, NULL, 'working', 'X', 0, 0, NULL, '2026-01-23 03:58:18', '2026-01-23 03:58:18', 0);
INSERT INTO `attendance` (`id`, `employee_id`, `project_id`, `shift_id`, `date`, `check_in`, `check_out`, `status`, `timekeeper_symbol`, `overtime_hours`, `is_manual_import`, `note`, `created_at`, `updated_at`, `target_project_id`) VALUES
(420, 39, 14, 0, '2026-01-31', NULL, NULL, 'working', 'X', 0, 0, NULL, '2026-01-23 03:58:18', '2026-01-23 03:58:18', 0),
(421, 41, 14, 0, '2026-01-01', NULL, NULL, 'working', 'L', 0, 0, NULL, '2026-01-23 03:58:18', '2026-01-23 03:59:02', 0),
(422, 41, 14, 0, '2026-01-02', NULL, NULL, 'working', 'X', 0, 0, NULL, '2026-01-23 03:58:18', '2026-01-23 03:58:18', 0),
(423, 41, 14, 0, '2026-01-03', NULL, NULL, 'working', 'X', 0, 0, NULL, '2026-01-23 03:58:18', '2026-01-23 03:58:18', 0),
(424, 41, 14, 0, '2026-01-04', NULL, NULL, 'working', NULL, 0, 0, NULL, '2026-01-23 03:58:18', '2026-01-23 04:00:45', 0),
(425, 41, 14, 0, '2026-01-05', NULL, NULL, 'working', 'X', 0, 0, NULL, '2026-01-23 03:58:18', '2026-01-23 03:58:18', 0),
(426, 41, 14, 0, '2026-01-06', NULL, NULL, 'working', 'X', 0, 0, NULL, '2026-01-23 03:58:18', '2026-01-23 03:58:18', 0),
(427, 41, 14, 0, '2026-01-07', NULL, NULL, 'working', 'X', 0, 0, NULL, '2026-01-23 03:58:18', '2026-01-23 03:58:18', 0),
(428, 41, 14, 0, '2026-01-08', NULL, NULL, 'working', 'X', 0, 0, NULL, '2026-01-23 03:58:18', '2026-01-23 03:58:18', 0),
(429, 41, 14, 0, '2026-01-09', NULL, NULL, 'working', 'X', 0, 0, NULL, '2026-01-23 03:58:18', '2026-01-23 03:58:18', 0),
(430, 41, 14, 0, '2026-01-10', NULL, NULL, 'working', 'X', 0, 0, NULL, '2026-01-23 03:58:18', '2026-01-23 03:58:18', 0),
(431, 41, 14, 0, '2026-01-11', NULL, NULL, 'working', NULL, 0, 0, NULL, '2026-01-23 03:58:18', '2026-01-23 04:00:45', 0),
(432, 41, 14, 0, '2026-01-12', NULL, NULL, 'working', 'X', 0, 0, NULL, '2026-01-23 03:58:18', '2026-01-23 03:58:18', 0),
(433, 41, 14, 0, '2026-01-13', NULL, NULL, 'working', 'X', 0, 0, NULL, '2026-01-23 03:58:18', '2026-01-23 03:58:18', 0),
(434, 41, 14, 0, '2026-01-14', NULL, NULL, 'working', 'X', 0, 0, NULL, '2026-01-23 03:58:18', '2026-01-23 03:58:18', 0),
(435, 41, 14, 0, '2026-01-18', NULL, NULL, 'working', NULL, 0, 0, NULL, '2026-01-23 03:58:18', '2026-01-23 04:00:45', 0),
(436, 41, 14, 0, '2026-01-25', NULL, NULL, 'working', NULL, 0, 0, NULL, '2026-01-23 03:58:18', '2026-01-23 04:00:45', 0),
(437, 42, 14, 0, '2026-01-01', NULL, NULL, 'working', 'L', 0, 0, NULL, '2026-01-23 03:58:18', '2026-01-23 03:59:02', 0),
(438, 42, 14, 0, '2026-01-02', NULL, NULL, 'working', 'X', 0, 0, NULL, '2026-01-23 03:58:18', '2026-01-23 03:58:18', 0),
(439, 42, 14, 0, '2026-01-03', NULL, NULL, 'working', 'X', 0, 0, NULL, '2026-01-23 03:58:18', '2026-01-23 03:58:18', 0),
(440, 42, 14, 0, '2026-01-04', NULL, NULL, 'working', NULL, 0, 0, NULL, '2026-01-23 03:58:18', '2026-01-23 04:00:45', 0),
(441, 42, 14, 0, '2026-01-05', NULL, NULL, 'working', 'X', 0, 0, NULL, '2026-01-23 03:58:18', '2026-01-23 03:58:18', 0),
(442, 42, 14, 0, '2026-01-06', NULL, NULL, 'working', 'X', 0, 0, NULL, '2026-01-23 03:58:18', '2026-01-23 03:58:18', 0),
(443, 42, 14, 0, '2026-01-07', NULL, NULL, 'working', 'X', 0, 0, NULL, '2026-01-23 03:58:18', '2026-01-23 03:58:18', 0),
(444, 42, 14, 0, '2026-01-08', NULL, NULL, 'working', 'X', 0, 0, NULL, '2026-01-23 03:58:18', '2026-01-23 03:58:18', 0),
(445, 42, 14, 0, '2026-01-09', NULL, NULL, 'working', 'X', 0, 0, NULL, '2026-01-23 03:58:18', '2026-01-23 03:58:18', 0),
(446, 42, 14, 0, '2026-01-10', NULL, NULL, 'working', 'X', 0, 0, NULL, '2026-01-23 03:58:18', '2026-01-23 03:58:18', 0),
(447, 42, 14, 0, '2026-01-11', NULL, NULL, 'working', NULL, 0, 0, NULL, '2026-01-23 03:58:18', '2026-01-23 04:00:45', 0),
(448, 42, 14, 0, '2026-01-12', NULL, NULL, 'working', 'X', 0, 0, NULL, '2026-01-23 03:58:18', '2026-01-23 03:58:18', 0),
(449, 42, 14, 0, '2026-01-13', NULL, NULL, 'working', 'X', 0, 0, NULL, '2026-01-23 03:58:18', '2026-01-23 03:58:18', 0),
(450, 42, 14, 0, '2026-01-14', NULL, NULL, 'working', 'X', 0, 0, NULL, '2026-01-23 03:58:18', '2026-01-23 03:58:18', 0),
(451, 42, 14, 0, '2026-01-15', NULL, NULL, 'working', 'X', 0, 0, NULL, '2026-01-23 03:58:18', '2026-01-23 03:58:18', 0),
(452, 42, 14, 0, '2026-01-16', NULL, NULL, 'working', 'X', 0, 0, NULL, '2026-01-23 03:58:18', '2026-01-23 03:58:18', 0),
(453, 42, 14, 0, '2026-01-17', NULL, NULL, 'working', 'X', 0, 0, NULL, '2026-01-23 03:58:18', '2026-01-23 03:58:18', 0),
(454, 42, 14, 0, '2026-01-18', NULL, NULL, 'working', NULL, 0, 0, NULL, '2026-01-23 03:58:18', '2026-01-23 04:00:45', 0),
(455, 42, 14, 0, '2026-01-19', NULL, NULL, 'working', 'X', 0, 0, NULL, '2026-01-23 03:58:18', '2026-01-23 03:58:18', 0),
(456, 42, 14, 0, '2026-01-20', NULL, NULL, 'working', 'X', 0, 0, NULL, '2026-01-23 03:58:18', '2026-01-23 03:58:18', 0),
(457, 42, 14, 0, '2026-01-21', NULL, NULL, 'working', 'X', 0, 0, NULL, '2026-01-23 03:58:18', '2026-01-23 03:58:18', 0),
(458, 42, 14, 0, '2026-01-22', NULL, NULL, 'working', 'X', 0, 0, NULL, '2026-01-23 03:58:18', '2026-01-23 03:58:18', 0),
(459, 42, 14, 0, '2026-01-23', NULL, NULL, 'working', 'X', 0, 0, NULL, '2026-01-23 03:58:18', '2026-01-23 03:58:18', 0),
(460, 42, 14, 0, '2026-01-24', NULL, NULL, 'working', 'X', 0, 0, NULL, '2026-01-23 03:58:18', '2026-01-23 03:58:18', 0),
(461, 42, 14, 0, '2026-01-25', NULL, NULL, 'working', NULL, 0, 0, NULL, '2026-01-23 03:58:18', '2026-01-23 04:00:45', 0),
(462, 42, 14, 0, '2026-01-26', NULL, NULL, 'working', 'X', 0, 0, NULL, '2026-01-23 03:58:18', '2026-01-23 03:58:18', 0),
(463, 42, 14, 0, '2026-01-27', NULL, NULL, 'working', 'X', 0, 0, NULL, '2026-01-23 03:58:18', '2026-01-23 03:58:18', 0),
(464, 42, 14, 0, '2026-01-28', NULL, NULL, 'working', 'X', 0, 0, NULL, '2026-01-23 03:58:18', '2026-01-23 03:58:18', 0),
(465, 42, 14, 0, '2026-01-29', NULL, NULL, 'working', 'X', 0, 0, NULL, '2026-01-23 03:58:18', '2026-01-23 03:58:18', 0),
(466, 42, 14, 0, '2026-01-30', NULL, NULL, 'working', 'X', 0, 0, NULL, '2026-01-23 03:58:18', '2026-01-23 03:58:18', 0),
(467, 42, 14, 0, '2026-01-31', NULL, NULL, 'working', 'X', 0, 0, NULL, '2026-01-23 03:58:18', '2026-01-23 03:58:18', 0),
(468, 43, 14, 0, '2026-01-01', NULL, NULL, 'working', 'L', 0, 0, NULL, '2026-01-23 03:58:18', '2026-01-23 03:59:02', 0),
(469, 43, 14, 0, '2026-01-02', NULL, NULL, 'working', 'X', 0, 0, NULL, '2026-01-23 03:58:18', '2026-01-23 03:58:18', 0),
(470, 43, 14, 0, '2026-01-03', NULL, NULL, 'working', 'X', 0, 0, NULL, '2026-01-23 03:58:18', '2026-01-23 03:58:18', 0),
(471, 43, 14, 0, '2026-01-04', NULL, NULL, 'working', NULL, 0, 0, NULL, '2026-01-23 03:58:18', '2026-01-23 04:00:45', 0),
(472, 43, 14, 0, '2026-01-05', NULL, NULL, 'working', 'X', 0, 0, NULL, '2026-01-23 03:58:18', '2026-01-23 03:58:18', 0),
(473, 43, 14, 0, '2026-01-06', NULL, NULL, 'working', 'X', 0, 0, NULL, '2026-01-23 03:58:18', '2026-01-23 03:58:18', 0),
(474, 43, 14, 0, '2026-01-07', NULL, NULL, 'working', 'X', 0, 0, NULL, '2026-01-23 03:58:18', '2026-01-23 03:58:18', 0),
(475, 43, 14, 0, '2026-01-08', NULL, NULL, 'working', 'X', 0, 0, NULL, '2026-01-23 03:58:18', '2026-01-23 03:58:18', 0),
(476, 43, 14, 0, '2026-01-09', NULL, NULL, 'working', 'X', 0, 0, NULL, '2026-01-23 03:58:18', '2026-01-23 03:58:18', 0),
(477, 43, 14, 0, '2026-01-10', NULL, NULL, 'working', 'X', 0, 0, NULL, '2026-01-23 03:58:18', '2026-01-23 03:58:18', 0),
(478, 43, 14, 0, '2026-01-11', NULL, NULL, 'working', NULL, 0, 0, NULL, '2026-01-23 03:58:18', '2026-01-23 04:00:45', 0),
(479, 43, 14, 0, '2026-01-12', NULL, NULL, 'working', 'X', 0, 0, NULL, '2026-01-23 03:58:18', '2026-01-23 03:58:18', 0),
(480, 43, 14, 0, '2026-01-13', NULL, NULL, 'working', 'X', 0, 0, NULL, '2026-01-23 03:58:18', '2026-01-23 03:58:18', 0),
(481, 43, 14, 0, '2026-01-14', NULL, NULL, 'working', 'X', 0, 0, NULL, '2026-01-23 03:58:18', '2026-01-23 03:58:18', 0),
(482, 43, 14, 0, '2026-01-15', NULL, NULL, 'working', 'X', 0, 0, NULL, '2026-01-23 03:58:18', '2026-01-23 03:58:18', 0),
(483, 43, 14, 0, '2026-01-16', NULL, NULL, 'working', 'X', 0, 0, NULL, '2026-01-23 03:58:18', '2026-01-23 03:58:18', 0),
(484, 43, 14, 0, '2026-01-17', NULL, NULL, 'working', 'X', 0, 0, NULL, '2026-01-23 03:58:18', '2026-01-23 03:58:18', 0),
(485, 43, 14, 0, '2026-01-18', NULL, NULL, 'working', NULL, 0, 0, NULL, '2026-01-23 03:58:18', '2026-01-23 04:00:45', 0),
(486, 43, 14, 0, '2026-01-19', NULL, NULL, 'working', 'X', 0, 0, NULL, '2026-01-23 03:58:18', '2026-01-23 03:58:18', 0),
(487, 43, 14, 0, '2026-01-20', NULL, NULL, 'working', 'X', 0, 0, NULL, '2026-01-23 03:58:18', '2026-01-23 03:58:18', 0),
(488, 43, 14, 0, '2026-01-21', NULL, NULL, 'working', 'X', 0, 0, NULL, '2026-01-23 03:58:18', '2026-01-23 03:58:18', 0),
(489, 43, 14, 0, '2026-01-22', NULL, NULL, 'working', 'X', 0, 0, NULL, '2026-01-23 03:58:18', '2026-01-23 03:58:18', 0),
(490, 43, 14, 0, '2026-01-23', NULL, NULL, 'working', 'X', 0, 0, NULL, '2026-01-23 03:58:18', '2026-01-23 03:58:18', 0),
(491, 43, 14, 0, '2026-01-24', NULL, NULL, 'working', 'X', 0, 0, NULL, '2026-01-23 03:58:18', '2026-01-23 03:58:18', 0),
(492, 43, 14, 0, '2026-01-25', NULL, NULL, 'working', NULL, 0, 0, NULL, '2026-01-23 03:58:18', '2026-01-23 04:00:45', 0),
(493, 43, 14, 0, '2026-01-26', NULL, NULL, 'working', 'X', 0, 0, NULL, '2026-01-23 03:58:18', '2026-01-23 03:58:18', 0),
(494, 43, 14, 0, '2026-01-27', NULL, NULL, 'working', 'X', 0, 0, NULL, '2026-01-23 03:58:18', '2026-01-23 03:58:18', 0),
(495, 43, 14, 0, '2026-01-28', NULL, NULL, 'working', 'X', 0, 0, NULL, '2026-01-23 03:58:18', '2026-01-23 03:58:18', 0),
(496, 43, 14, 0, '2026-01-29', NULL, NULL, 'working', 'X', 0, 0, NULL, '2026-01-23 03:58:18', '2026-01-23 03:58:18', 0),
(497, 43, 14, 0, '2026-01-30', NULL, NULL, 'working', 'X', 0, 0, NULL, '2026-01-23 03:58:18', '2026-01-23 03:58:18', 0),
(498, 43, 14, 0, '2026-01-31', NULL, NULL, 'working', 'X', 0, 0, NULL, '2026-01-23 03:58:18', '2026-01-23 03:58:18', 0),
(499, 45, 14, 0, '2026-01-01', NULL, NULL, 'working', 'L', 0, 0, NULL, '2026-01-23 03:58:18', '2026-01-23 03:59:02', 0),
(500, 45, 14, 0, '2026-01-02', NULL, NULL, 'working', 'X', 0, 0, NULL, '2026-01-23 03:58:18', '2026-01-23 03:58:18', 0),
(501, 45, 14, 0, '2026-01-03', NULL, NULL, 'working', 'X', 0, 0, NULL, '2026-01-23 03:58:18', '2026-01-23 03:58:18', 0),
(502, 45, 14, 0, '2026-01-04', NULL, NULL, 'working', NULL, 0, 0, NULL, '2026-01-23 03:58:18', '2026-01-23 04:00:45', 0),
(503, 45, 14, 0, '2026-01-05', NULL, NULL, 'working', 'X', 0, 0, NULL, '2026-01-23 03:58:18', '2026-01-23 03:58:18', 0),
(504, 45, 14, 0, '2026-01-06', NULL, NULL, 'working', 'X', 0, 0, NULL, '2026-01-23 03:58:18', '2026-01-23 03:58:18', 0),
(505, 45, 14, 0, '2026-01-07', NULL, NULL, 'working', 'X', 0, 0, NULL, '2026-01-23 03:58:18', '2026-01-23 03:58:18', 0),
(506, 45, 14, 0, '2026-01-08', NULL, NULL, 'working', 'X', 0, 0, NULL, '2026-01-23 03:58:18', '2026-01-23 03:58:18', 0),
(507, 45, 14, 0, '2026-01-09', NULL, NULL, 'working', 'X', 0, 0, NULL, '2026-01-23 03:58:18', '2026-01-23 03:58:18', 0),
(508, 45, 14, 0, '2026-01-10', NULL, NULL, 'working', 'X', 0, 0, NULL, '2026-01-23 03:58:18', '2026-01-23 03:58:18', 0),
(509, 45, 14, 0, '2026-01-11', NULL, NULL, 'working', NULL, 0, 0, NULL, '2026-01-23 03:58:19', '2026-01-23 04:00:45', 0),
(510, 45, 14, 0, '2026-01-12', NULL, NULL, 'working', 'X', 0, 0, NULL, '2026-01-23 03:58:19', '2026-01-23 03:58:19', 0),
(511, 45, 14, 0, '2026-01-13', NULL, NULL, 'working', 'X', 0, 0, NULL, '2026-01-23 03:58:19', '2026-01-23 03:58:19', 0),
(512, 45, 14, 0, '2026-01-14', NULL, NULL, 'working', 'X', 0, 0, NULL, '2026-01-23 03:58:19', '2026-01-23 03:58:19', 0),
(513, 45, 14, 0, '2026-01-15', NULL, NULL, 'working', 'X', 0, 0, NULL, '2026-01-23 03:58:19', '2026-01-23 03:58:19', 0),
(514, 45, 14, 0, '2026-01-16', NULL, NULL, 'working', 'X', 0, 0, NULL, '2026-01-23 03:58:19', '2026-01-23 03:58:19', 0),
(515, 45, 14, 0, '2026-01-17', NULL, NULL, 'working', 'X', 0, 0, NULL, '2026-01-23 03:58:19', '2026-01-23 03:58:19', 0),
(516, 45, 14, 0, '2026-01-18', NULL, NULL, 'working', NULL, 0, 0, NULL, '2026-01-23 03:58:19', '2026-01-23 04:00:45', 0),
(517, 45, 14, 0, '2026-01-19', NULL, NULL, 'working', 'X', 0, 0, NULL, '2026-01-23 03:58:19', '2026-01-23 03:58:19', 0),
(518, 45, 14, 0, '2026-01-20', NULL, NULL, 'working', 'X', 0, 0, NULL, '2026-01-23 03:58:19', '2026-01-23 03:58:19', 0),
(519, 45, 14, 0, '2026-01-21', NULL, NULL, 'working', 'X', 0, 0, NULL, '2026-01-23 03:58:19', '2026-01-23 03:58:19', 0),
(520, 45, 14, 0, '2026-01-22', NULL, NULL, 'working', 'X', 0, 0, NULL, '2026-01-23 03:58:19', '2026-01-23 03:58:19', 0),
(521, 45, 14, 0, '2026-01-23', NULL, NULL, 'working', 'X', 0, 0, NULL, '2026-01-23 03:58:19', '2026-01-23 03:58:19', 0),
(522, 45, 14, 0, '2026-01-24', NULL, NULL, 'working', 'X', 0, 0, NULL, '2026-01-23 03:58:19', '2026-01-23 03:58:19', 0),
(523, 45, 14, 0, '2026-01-25', NULL, NULL, 'working', NULL, 0, 0, NULL, '2026-01-23 03:58:19', '2026-01-23 04:00:45', 0),
(524, 45, 14, 0, '2026-01-26', NULL, NULL, 'working', 'X', 0, 0, NULL, '2026-01-23 03:58:19', '2026-01-23 03:58:19', 0),
(525, 45, 14, 0, '2026-01-27', NULL, NULL, 'working', 'X', 0, 0, NULL, '2026-01-23 03:58:19', '2026-01-23 03:58:19', 0),
(526, 45, 14, 0, '2026-01-28', NULL, NULL, 'working', 'X', 0, 0, NULL, '2026-01-23 03:58:19', '2026-01-23 03:58:19', 0),
(527, 45, 14, 0, '2026-01-29', NULL, NULL, 'working', 'X', 0, 0, NULL, '2026-01-23 03:58:19', '2026-01-23 03:58:19', 0),
(528, 45, 14, 0, '2026-01-30', NULL, NULL, 'working', 'X', 0, 0, NULL, '2026-01-23 03:58:19', '2026-01-23 03:58:19', 0),
(529, 45, 14, 0, '2026-01-31', NULL, NULL, 'working', 'X', 0, 0, NULL, '2026-01-23 03:58:19', '2026-01-23 03:58:19', 0),
(530, 46, 14, 0, '2026-01-01', NULL, NULL, 'working', 'L', 0, 0, NULL, '2026-01-23 03:58:19', '2026-01-23 03:59:02', 0),
(531, 46, 14, 0, '2026-01-02', NULL, NULL, 'working', 'X', 0, 0, NULL, '2026-01-23 03:58:19', '2026-01-23 03:58:19', 0),
(532, 46, 14, 0, '2026-01-03', NULL, NULL, 'working', 'X', 0, 0, NULL, '2026-01-23 03:58:19', '2026-01-23 03:58:19', 0),
(533, 46, 14, 0, '2026-01-04', NULL, NULL, 'working', NULL, 0, 0, NULL, '2026-01-23 03:58:19', '2026-01-23 04:00:45', 0),
(534, 46, 14, 0, '2026-01-05', NULL, NULL, 'working', 'X', 0, 0, NULL, '2026-01-23 03:58:19', '2026-01-23 03:58:19', 0),
(535, 46, 14, 0, '2026-01-06', NULL, NULL, 'working', 'X', 0, 0, NULL, '2026-01-23 03:58:19', '2026-01-23 03:58:19', 0),
(536, 46, 14, 0, '2026-01-07', NULL, NULL, 'working', 'X', 0, 0, NULL, '2026-01-23 03:58:19', '2026-01-23 03:58:19', 0),
(537, 46, 14, 0, '2026-01-08', NULL, NULL, 'working', 'X', 0, 0, NULL, '2026-01-23 03:58:19', '2026-01-23 03:58:19', 0),
(538, 46, 14, 0, '2026-01-09', NULL, NULL, 'working', 'X', 0, 0, NULL, '2026-01-23 03:58:19', '2026-01-23 03:58:19', 0),
(539, 46, 14, 0, '2026-01-10', NULL, NULL, 'working', 'X', 0, 0, NULL, '2026-01-23 03:58:19', '2026-01-23 03:58:19', 0),
(540, 46, 14, 0, '2026-01-11', NULL, NULL, 'working', NULL, 0, 0, NULL, '2026-01-23 03:58:19', '2026-01-23 04:00:45', 0),
(541, 46, 14, 0, '2026-01-12', NULL, NULL, 'working', 'X', 0, 0, NULL, '2026-01-23 03:58:19', '2026-01-23 03:58:19', 0),
(542, 46, 14, 0, '2026-01-13', NULL, NULL, 'working', 'X', 0, 0, NULL, '2026-01-23 03:58:19', '2026-01-23 03:58:19', 0),
(543, 46, 14, 0, '2026-01-14', NULL, NULL, 'working', 'X', 0, 0, NULL, '2026-01-23 03:58:19', '2026-01-23 03:58:19', 0),
(544, 46, 14, 0, '2026-01-15', NULL, NULL, 'working', 'X', 0, 0, NULL, '2026-01-23 03:58:19', '2026-01-23 03:58:19', 0),
(545, 46, 14, 0, '2026-01-16', NULL, NULL, 'working', 'X', 0, 0, NULL, '2026-01-23 03:58:19', '2026-01-23 03:58:19', 0),
(546, 46, 14, 0, '2026-01-17', NULL, NULL, 'working', 'X', 0, 0, NULL, '2026-01-23 03:58:19', '2026-01-23 03:58:19', 0),
(547, 46, 14, 0, '2026-01-18', NULL, NULL, 'working', NULL, 0, 0, NULL, '2026-01-23 03:58:19', '2026-01-23 04:00:45', 0),
(548, 46, 14, 0, '2026-01-19', NULL, NULL, 'working', 'X', 0, 0, NULL, '2026-01-23 03:58:19', '2026-01-23 03:58:19', 0),
(549, 46, 14, 0, '2026-01-20', NULL, NULL, 'working', 'X', 0, 0, NULL, '2026-01-23 03:58:19', '2026-01-23 03:58:19', 0),
(550, 46, 14, 0, '2026-01-21', NULL, NULL, 'working', 'X', 0, 0, NULL, '2026-01-23 03:58:19', '2026-01-23 03:58:19', 0),
(551, 46, 14, 0, '2026-01-22', NULL, NULL, 'working', 'X', 0, 0, NULL, '2026-01-23 03:58:19', '2026-01-23 03:58:19', 0),
(552, 46, 14, 0, '2026-01-23', NULL, NULL, 'working', 'X', 0, 0, NULL, '2026-01-23 03:58:19', '2026-01-23 03:58:19', 0),
(553, 46, 14, 0, '2026-01-24', NULL, NULL, 'working', 'X', 0, 0, NULL, '2026-01-23 03:58:19', '2026-01-23 03:58:19', 0),
(554, 46, 14, 0, '2026-01-25', NULL, NULL, 'working', NULL, 0, 0, NULL, '2026-01-23 03:58:19', '2026-01-23 04:00:45', 0),
(555, 46, 14, 0, '2026-01-26', NULL, NULL, 'working', 'X', 0, 0, NULL, '2026-01-23 03:58:19', '2026-01-23 03:58:19', 0),
(556, 46, 14, 0, '2026-01-27', NULL, NULL, 'working', 'X', 0, 0, NULL, '2026-01-23 03:58:19', '2026-01-23 03:58:19', 0),
(557, 46, 14, 0, '2026-01-28', NULL, NULL, 'working', 'X', 0, 0, NULL, '2026-01-23 03:58:19', '2026-01-23 03:58:19', 0),
(558, 46, 14, 0, '2026-01-29', NULL, NULL, 'working', 'X', 0, 0, NULL, '2026-01-23 03:58:19', '2026-01-23 03:58:19', 0),
(559, 46, 14, 0, '2026-01-30', NULL, NULL, 'working', 'X', 0, 0, NULL, '2026-01-23 03:58:19', '2026-01-23 03:58:19', 0),
(560, 46, 14, 0, '2026-01-31', NULL, NULL, 'working', 'X', 0, 0, NULL, '2026-01-23 03:58:19', '2026-01-23 03:58:19', 0),
(561, 47, 14, 0, '2026-01-01', NULL, NULL, 'working', 'L', 0, 0, NULL, '2026-01-23 03:58:19', '2026-01-23 03:59:02', 0),
(562, 47, 14, 0, '2026-01-02', NULL, NULL, 'working', 'X', 0, 0, NULL, '2026-01-23 03:58:19', '2026-01-23 03:58:19', 0),
(563, 47, 14, 0, '2026-01-03', NULL, NULL, 'working', 'X', 0, 0, NULL, '2026-01-23 03:58:19', '2026-01-23 03:58:19', 0),
(564, 47, 14, 0, '2026-01-04', NULL, NULL, 'working', NULL, 0, 0, NULL, '2026-01-23 03:58:19', '2026-01-23 04:00:45', 0),
(565, 47, 14, 0, '2026-01-05', NULL, NULL, 'working', 'X', 0, 0, NULL, '2026-01-23 03:58:19', '2026-01-23 03:58:19', 0),
(566, 47, 14, 0, '2026-01-06', NULL, NULL, 'working', 'X', 0, 0, NULL, '2026-01-23 03:58:19', '2026-01-23 03:58:19', 0),
(567, 47, 14, 0, '2026-01-07', NULL, NULL, 'working', 'X', 0, 0, NULL, '2026-01-23 03:58:19', '2026-01-23 03:58:19', 0),
(568, 47, 14, 0, '2026-01-08', NULL, NULL, 'working', 'X', 0, 0, NULL, '2026-01-23 03:58:19', '2026-01-23 03:58:19', 0),
(569, 47, 14, 0, '2026-01-09', NULL, NULL, 'working', 'X', 0, 0, NULL, '2026-01-23 03:58:19', '2026-01-23 03:58:19', 0),
(570, 47, 14, 0, '2026-01-10', NULL, NULL, 'working', 'X', 0, 0, NULL, '2026-01-23 03:58:19', '2026-01-23 03:58:19', 0),
(571, 47, 14, 0, '2026-01-11', NULL, NULL, 'working', NULL, 0, 0, NULL, '2026-01-23 03:58:19', '2026-01-23 04:00:45', 0),
(572, 47, 14, 0, '2026-01-12', NULL, NULL, 'working', 'X', 0, 0, NULL, '2026-01-23 03:58:19', '2026-01-23 03:58:19', 0),
(573, 47, 14, 0, '2026-01-13', NULL, NULL, 'working', 'X', 0, 0, NULL, '2026-01-23 03:58:19', '2026-01-23 03:58:19', 0),
(574, 47, 14, 0, '2026-01-14', NULL, NULL, 'working', 'X', 0, 0, NULL, '2026-01-23 03:58:19', '2026-01-23 03:58:19', 0),
(575, 47, 14, 0, '2026-01-15', NULL, NULL, 'working', 'X', 0, 0, NULL, '2026-01-23 03:58:19', '2026-01-23 03:58:19', 0),
(576, 47, 14, 0, '2026-01-16', NULL, NULL, 'working', 'X', 0, 0, NULL, '2026-01-23 03:58:19', '2026-01-23 03:58:19', 0),
(577, 47, 14, 0, '2026-01-17', NULL, NULL, 'working', 'X', 0, 0, NULL, '2026-01-23 03:58:19', '2026-01-23 03:58:19', 0),
(578, 47, 14, 0, '2026-01-18', NULL, NULL, 'working', NULL, 0, 0, NULL, '2026-01-23 03:58:19', '2026-01-23 04:00:45', 0),
(579, 47, 14, 0, '2026-01-19', NULL, NULL, 'working', 'X', 0, 0, NULL, '2026-01-23 03:58:19', '2026-01-23 03:58:19', 0),
(580, 47, 14, 0, '2026-01-20', NULL, NULL, 'working', 'X', 0, 0, NULL, '2026-01-23 03:58:19', '2026-01-23 03:58:19', 0),
(581, 47, 14, 0, '2026-01-21', NULL, NULL, 'working', 'X', 0, 0, NULL, '2026-01-23 03:58:19', '2026-01-23 03:58:19', 0),
(582, 47, 14, 0, '2026-01-22', NULL, NULL, 'working', 'X', 0, 0, NULL, '2026-01-23 03:58:19', '2026-01-23 03:58:19', 0),
(583, 47, 14, 0, '2026-01-23', NULL, NULL, 'working', 'X', 0, 0, NULL, '2026-01-23 03:58:19', '2026-01-23 03:58:19', 0),
(584, 47, 14, 0, '2026-01-24', NULL, NULL, 'working', 'X', 0, 0, NULL, '2026-01-23 03:58:19', '2026-01-23 03:58:19', 0),
(585, 47, 14, 0, '2026-01-25', NULL, NULL, 'working', NULL, 0, 0, NULL, '2026-01-23 03:58:19', '2026-01-23 04:00:45', 0),
(586, 47, 14, 0, '2026-01-26', NULL, NULL, 'working', 'X', 0, 0, NULL, '2026-01-23 03:58:19', '2026-01-23 03:58:19', 0),
(587, 47, 14, 0, '2026-01-27', NULL, NULL, 'working', 'X', 0, 0, NULL, '2026-01-23 03:58:19', '2026-01-23 03:58:19', 0),
(588, 47, 14, 0, '2026-01-28', NULL, NULL, 'working', 'X', 0, 0, NULL, '2026-01-23 03:58:19', '2026-01-23 03:58:19', 0),
(589, 47, 14, 0, '2026-01-29', NULL, NULL, 'working', 'X', 0, 0, NULL, '2026-01-23 03:58:19', '2026-01-23 03:58:19', 0),
(590, 47, 14, 0, '2026-01-30', NULL, NULL, 'working', 'X', 0, 0, NULL, '2026-01-23 03:58:19', '2026-01-23 03:58:19', 0),
(591, 47, 14, 0, '2026-01-31', NULL, NULL, 'working', 'X', 0, 0, NULL, '2026-01-23 03:58:19', '2026-01-23 03:58:19', 0),
(592, 48, 14, 0, '2026-01-01', NULL, NULL, 'working', 'L', 0, 0, NULL, '2026-01-23 03:58:19', '2026-01-23 03:59:02', 0),
(593, 48, 14, 0, '2026-01-02', NULL, NULL, 'working', 'X', 0, 0, NULL, '2026-01-23 03:58:19', '2026-01-23 03:58:19', 0),
(594, 48, 14, 0, '2026-01-03', NULL, NULL, 'working', 'X', 0, 0, NULL, '2026-01-23 03:58:19', '2026-01-23 03:58:19', 0),
(595, 48, 14, 0, '2026-01-04', NULL, NULL, 'working', NULL, 0, 0, NULL, '2026-01-23 03:58:19', '2026-01-23 04:00:45', 0),
(596, 48, 14, 0, '2026-01-05', NULL, NULL, 'working', 'X', 0, 0, NULL, '2026-01-23 03:58:19', '2026-01-23 03:58:19', 0),
(597, 48, 14, 0, '2026-01-06', NULL, NULL, 'working', 'X', 0, 0, NULL, '2026-01-23 03:58:19', '2026-01-23 03:58:19', 0),
(598, 48, 14, 0, '2026-01-07', NULL, NULL, 'working', 'X', 0, 0, NULL, '2026-01-23 03:58:19', '2026-01-23 03:58:19', 0),
(599, 48, 14, 0, '2026-01-08', NULL, NULL, 'working', 'X', 0, 0, NULL, '2026-01-23 03:58:19', '2026-01-23 03:58:19', 0),
(600, 48, 14, 0, '2026-01-09', NULL, NULL, 'working', 'X', 0, 0, NULL, '2026-01-23 03:58:19', '2026-01-23 03:58:19', 0),
(601, 48, 14, 0, '2026-01-10', NULL, NULL, 'working', 'X', 0, 0, NULL, '2026-01-23 03:58:19', '2026-01-23 03:58:19', 0),
(602, 48, 14, 0, '2026-01-11', NULL, NULL, 'working', NULL, 0, 0, NULL, '2026-01-23 03:58:19', '2026-01-23 04:00:45', 0),
(603, 48, 14, 0, '2026-01-12', NULL, NULL, 'working', 'X', 0, 0, NULL, '2026-01-23 03:58:19', '2026-01-23 03:58:19', 0),
(604, 48, 14, 0, '2026-01-13', NULL, NULL, 'working', 'X', 0, 0, NULL, '2026-01-23 03:58:19', '2026-01-23 03:58:19', 0),
(605, 48, 14, 0, '2026-01-14', NULL, NULL, 'working', 'X', 0, 0, NULL, '2026-01-23 03:58:19', '2026-01-23 03:58:19', 0),
(606, 48, 14, 0, '2026-01-15', NULL, NULL, 'working', 'X', 0, 0, NULL, '2026-01-23 03:58:19', '2026-01-23 03:58:19', 0),
(607, 48, 14, 0, '2026-01-16', NULL, NULL, 'working', 'X', 0, 0, NULL, '2026-01-23 03:58:19', '2026-01-23 03:58:19', 0),
(608, 48, 14, 0, '2026-01-17', NULL, NULL, 'working', 'X', 0, 0, NULL, '2026-01-23 03:58:19', '2026-01-23 03:58:19', 0),
(609, 48, 14, 0, '2026-01-18', NULL, NULL, 'working', NULL, 0, 0, NULL, '2026-01-23 03:58:19', '2026-01-23 04:00:45', 0),
(610, 48, 14, 0, '2026-01-19', NULL, NULL, 'working', 'X', 0, 0, NULL, '2026-01-23 03:58:19', '2026-01-23 03:58:19', 0),
(611, 48, 14, 0, '2026-01-20', NULL, NULL, 'working', 'X', 0, 0, NULL, '2026-01-23 03:58:19', '2026-01-23 03:58:19', 0),
(612, 48, 14, 0, '2026-01-21', NULL, NULL, 'working', 'X', 0, 0, NULL, '2026-01-23 03:58:19', '2026-01-23 03:58:19', 0),
(613, 48, 14, 0, '2026-01-22', NULL, NULL, 'working', 'X', 0, 0, NULL, '2026-01-23 03:58:19', '2026-01-23 03:58:19', 0),
(614, 48, 14, 0, '2026-01-23', NULL, NULL, 'working', 'X', 0, 0, NULL, '2026-01-23 03:58:19', '2026-01-23 03:58:19', 0),
(615, 48, 14, 0, '2026-01-24', NULL, NULL, 'working', 'X', 0, 0, NULL, '2026-01-23 03:58:19', '2026-01-23 03:58:19', 0),
(616, 48, 14, 0, '2026-01-25', NULL, NULL, 'working', NULL, 0, 0, NULL, '2026-01-23 03:58:19', '2026-01-23 04:00:45', 0),
(617, 48, 14, 0, '2026-01-26', NULL, NULL, 'working', 'X', 0, 0, NULL, '2026-01-23 03:58:19', '2026-01-23 03:58:19', 0),
(618, 48, 14, 0, '2026-01-27', NULL, NULL, 'working', 'X', 0, 0, NULL, '2026-01-23 03:58:19', '2026-01-23 03:58:19', 0),
(619, 48, 14, 0, '2026-01-28', NULL, NULL, 'working', 'X', 0, 0, NULL, '2026-01-23 03:58:19', '2026-01-23 03:58:19', 0),
(620, 48, 14, 0, '2026-01-29', NULL, NULL, 'working', 'X', 0, 0, NULL, '2026-01-23 03:58:19', '2026-01-23 03:58:19', 0),
(621, 48, 14, 0, '2026-01-30', NULL, NULL, 'working', 'X', 0, 0, NULL, '2026-01-23 03:58:19', '2026-01-23 03:58:19', 0),
(622, 48, 14, 0, '2026-01-31', NULL, NULL, 'working', 'X', 0, 0, NULL, '2026-01-23 03:58:19', '2026-01-23 03:58:19', 0),
(623, 49, 14, 0, '2026-01-01', NULL, NULL, 'working', 'L', 0, 0, NULL, '2026-01-23 03:58:19', '2026-01-23 03:59:02', 0),
(624, 49, 14, 0, '2026-01-02', NULL, NULL, 'working', 'X', 0, 0, NULL, '2026-01-23 03:58:19', '2026-01-23 03:58:19', 0),
(625, 49, 14, 0, '2026-01-03', NULL, NULL, 'working', 'X', 0, 0, NULL, '2026-01-23 03:58:19', '2026-01-23 03:58:19', 0),
(626, 49, 14, 0, '2026-01-04', NULL, NULL, 'working', NULL, 0, 0, NULL, '2026-01-23 03:58:19', '2026-01-23 04:00:45', 0),
(627, 49, 14, 0, '2026-01-05', NULL, NULL, 'working', 'X', 0, 0, NULL, '2026-01-23 03:58:19', '2026-01-23 03:58:19', 0),
(628, 49, 14, 0, '2026-01-06', NULL, NULL, 'working', 'X', 0, 0, NULL, '2026-01-23 03:58:19', '2026-01-23 03:58:19', 0),
(629, 49, 14, 0, '2026-01-07', NULL, NULL, 'working', 'X', 0, 0, NULL, '2026-01-23 03:58:19', '2026-01-23 03:58:19', 0),
(630, 49, 14, 0, '2026-01-08', NULL, NULL, 'working', 'X', 0, 0, NULL, '2026-01-23 03:58:19', '2026-01-23 03:58:19', 0),
(631, 49, 14, 0, '2026-01-09', NULL, NULL, 'working', 'X', 0, 0, NULL, '2026-01-23 03:58:19', '2026-01-23 03:58:19', 0),
(632, 49, 14, 0, '2026-01-10', NULL, NULL, 'working', 'X', 0, 0, NULL, '2026-01-23 03:58:19', '2026-01-23 03:58:19', 0),
(633, 49, 14, 0, '2026-01-11', NULL, NULL, 'working', NULL, 0, 0, NULL, '2026-01-23 03:58:19', '2026-01-23 04:00:45', 0),
(634, 49, 14, 0, '2026-01-12', NULL, NULL, 'working', 'X', 0, 0, NULL, '2026-01-23 03:58:19', '2026-01-23 03:58:19', 0),
(635, 49, 14, 0, '2026-01-13', NULL, NULL, 'working', 'X', 0, 0, NULL, '2026-01-23 03:58:19', '2026-01-23 03:58:19', 0),
(636, 49, 14, 0, '2026-01-14', NULL, NULL, 'working', 'X', 0, 0, NULL, '2026-01-23 03:58:19', '2026-01-23 03:58:19', 0),
(637, 49, 14, 0, '2026-01-15', NULL, NULL, 'working', 'X', 0, 0, NULL, '2026-01-23 03:58:19', '2026-01-23 03:58:19', 0),
(638, 49, 14, 0, '2026-01-16', NULL, NULL, 'working', 'X', 0, 0, NULL, '2026-01-23 03:58:19', '2026-01-23 03:58:19', 0),
(639, 49, 14, 0, '2026-01-17', NULL, NULL, 'working', 'X', 0, 0, NULL, '2026-01-23 03:58:19', '2026-01-23 03:58:19', 0),
(640, 49, 14, 0, '2026-01-18', NULL, NULL, 'working', NULL, 0, 0, NULL, '2026-01-23 03:58:19', '2026-01-23 04:00:45', 0),
(641, 49, 14, 0, '2026-01-19', NULL, NULL, 'working', 'X', 0, 0, NULL, '2026-01-23 03:58:19', '2026-01-23 03:58:19', 0),
(642, 49, 14, 0, '2026-01-20', NULL, NULL, 'working', 'X', 0, 0, NULL, '2026-01-23 03:58:19', '2026-01-23 03:58:19', 0),
(643, 49, 14, 0, '2026-01-21', NULL, NULL, 'working', 'X', 0, 0, NULL, '2026-01-23 03:58:19', '2026-01-23 03:58:19', 0),
(644, 49, 14, 0, '2026-01-22', NULL, NULL, 'working', 'X', 0, 0, NULL, '2026-01-23 03:58:19', '2026-01-23 03:58:19', 0),
(645, 49, 14, 0, '2026-01-23', NULL, NULL, 'working', 'X', 0, 0, NULL, '2026-01-23 03:58:19', '2026-01-23 03:58:19', 0),
(646, 49, 14, 0, '2026-01-24', NULL, NULL, 'working', 'X', 0, 0, NULL, '2026-01-23 03:58:19', '2026-01-23 03:58:19', 0),
(647, 49, 14, 0, '2026-01-25', NULL, NULL, 'working', NULL, 0, 0, NULL, '2026-01-23 03:58:19', '2026-01-23 04:00:45', 0),
(648, 49, 14, 0, '2026-01-26', NULL, NULL, 'working', 'X', 0, 0, NULL, '2026-01-23 03:58:19', '2026-01-23 03:58:19', 0),
(649, 49, 14, 0, '2026-01-27', NULL, NULL, 'working', 'X', 0, 0, NULL, '2026-01-23 03:58:19', '2026-01-23 03:58:19', 0),
(650, 49, 14, 0, '2026-01-28', NULL, NULL, 'working', 'X', 0, 0, NULL, '2026-01-23 03:58:19', '2026-01-23 03:58:19', 0),
(651, 49, 14, 0, '2026-01-29', NULL, NULL, 'working', 'X', 0, 0, NULL, '2026-01-23 03:58:19', '2026-01-23 03:58:19', 0),
(652, 49, 14, 0, '2026-01-30', NULL, NULL, 'working', 'X', 0, 0, NULL, '2026-01-23 03:58:19', '2026-01-23 03:58:19', 0),
(653, 49, 14, 0, '2026-01-31', NULL, NULL, 'working', 'X', 0, 0, NULL, '2026-01-23 03:58:19', '2026-01-23 03:58:19', 0),
(654, 50, 14, 0, '2026-01-01', NULL, NULL, 'working', 'L', 0, 0, NULL, '2026-01-23 03:58:19', '2026-01-23 03:59:02', 0),
(655, 50, 14, 0, '2026-01-02', NULL, NULL, 'working', 'X', 0, 0, NULL, '2026-01-23 03:58:19', '2026-01-23 03:58:19', 0),
(656, 50, 14, 0, '2026-01-03', NULL, NULL, 'working', 'X', 0, 0, NULL, '2026-01-23 03:58:19', '2026-01-23 03:58:19', 0),
(657, 50, 14, 0, '2026-01-04', NULL, NULL, 'working', NULL, 0, 0, NULL, '2026-01-23 03:58:19', '2026-01-23 04:00:45', 0),
(658, 50, 14, 0, '2026-01-05', NULL, NULL, 'working', 'X', 0, 0, NULL, '2026-01-23 03:58:19', '2026-01-23 03:58:19', 0),
(659, 50, 14, 0, '2026-01-06', NULL, NULL, 'working', 'X', 0, 0, NULL, '2026-01-23 03:58:19', '2026-01-23 03:58:19', 0),
(660, 50, 14, 0, '2026-01-07', NULL, NULL, 'working', 'X', 0, 0, NULL, '2026-01-23 03:58:19', '2026-01-23 03:58:19', 0),
(661, 50, 14, 0, '2026-01-08', NULL, NULL, 'working', 'X', 0, 0, NULL, '2026-01-23 03:58:19', '2026-01-23 03:58:19', 0),
(662, 50, 14, 0, '2026-01-09', NULL, NULL, 'working', 'X', 0, 0, NULL, '2026-01-23 03:58:19', '2026-01-23 03:58:19', 0),
(663, 50, 14, 0, '2026-01-10', NULL, NULL, 'working', 'X', 0, 0, NULL, '2026-01-23 03:58:19', '2026-01-23 03:58:19', 0),
(664, 50, 14, 0, '2026-01-11', NULL, NULL, 'working', NULL, 0, 0, NULL, '2026-01-23 03:58:19', '2026-01-23 04:00:45', 0),
(665, 50, 14, 0, '2026-01-12', NULL, NULL, 'working', 'X', 0, 0, NULL, '2026-01-23 03:58:19', '2026-01-23 03:58:19', 0),
(666, 50, 14, 0, '2026-01-13', NULL, NULL, 'working', 'X', 0, 0, NULL, '2026-01-23 03:58:19', '2026-01-23 03:58:19', 0),
(667, 50, 14, 0, '2026-01-14', NULL, NULL, 'working', 'X', 0, 0, NULL, '2026-01-23 03:58:19', '2026-01-23 03:58:19', 0),
(668, 50, 14, 0, '2026-01-15', NULL, NULL, 'working', 'X', 0, 0, NULL, '2026-01-23 03:58:19', '2026-01-23 03:58:19', 0),
(669, 50, 14, 0, '2026-01-16', NULL, NULL, 'working', 'X', 0, 0, NULL, '2026-01-23 03:58:19', '2026-01-23 03:58:19', 0),
(670, 50, 14, 0, '2026-01-17', NULL, NULL, 'working', 'X', 0, 0, NULL, '2026-01-23 03:58:19', '2026-01-23 03:58:19', 0),
(671, 50, 14, 0, '2026-01-18', NULL, NULL, 'working', NULL, 0, 0, NULL, '2026-01-23 03:58:19', '2026-01-23 04:00:45', 0),
(672, 50, 14, 0, '2026-01-19', NULL, NULL, 'working', 'X', 0, 0, NULL, '2026-01-23 03:58:19', '2026-01-23 03:58:19', 0),
(673, 50, 14, 0, '2026-01-20', NULL, NULL, 'working', 'X', 0, 0, NULL, '2026-01-23 03:58:19', '2026-01-23 03:58:19', 0),
(674, 50, 14, 0, '2026-01-21', NULL, NULL, 'working', 'X', 0, 0, NULL, '2026-01-23 03:58:20', '2026-01-23 03:58:20', 0),
(675, 50, 14, 0, '2026-01-22', NULL, NULL, 'working', 'X', 0, 0, NULL, '2026-01-23 03:58:20', '2026-01-23 03:58:20', 0),
(676, 50, 14, 0, '2026-01-23', NULL, NULL, 'working', 'X', 0, 0, NULL, '2026-01-23 03:58:20', '2026-01-23 03:58:20', 0),
(677, 50, 14, 0, '2026-01-24', NULL, NULL, 'working', 'X', 0, 0, NULL, '2026-01-23 03:58:20', '2026-01-23 03:58:20', 0),
(678, 50, 14, 0, '2026-01-25', NULL, NULL, 'working', NULL, 0, 0, NULL, '2026-01-23 03:58:20', '2026-01-23 04:00:45', 0),
(679, 50, 14, 0, '2026-01-26', NULL, NULL, 'working', 'X', 0, 0, NULL, '2026-01-23 03:58:20', '2026-01-23 03:58:20', 0),
(680, 50, 14, 0, '2026-01-27', NULL, NULL, 'working', 'X', 0, 0, NULL, '2026-01-23 03:58:20', '2026-01-23 03:58:20', 0),
(681, 50, 14, 0, '2026-01-28', NULL, NULL, 'working', 'X', 0, 0, NULL, '2026-01-23 03:58:20', '2026-01-23 03:58:20', 0),
(682, 50, 14, 0, '2026-01-29', NULL, NULL, 'working', 'X', 0, 0, NULL, '2026-01-23 03:58:20', '2026-01-23 03:58:20', 0),
(683, 50, 14, 0, '2026-01-30', NULL, NULL, 'working', 'X', 0, 0, NULL, '2026-01-23 03:58:20', '2026-01-23 03:58:20', 0),
(684, 50, 14, 0, '2026-01-31', NULL, NULL, 'working', 'X', 0, 0, NULL, '2026-01-23 03:58:20', '2026-01-23 03:58:20', 0),
(685, 51, 14, 0, '2026-01-01', NULL, NULL, 'working', 'L', 0, 0, NULL, '2026-01-23 03:58:20', '2026-01-23 03:59:02', 0),
(686, 51, 14, 0, '2026-01-02', NULL, NULL, 'working', 'X', 0, 0, NULL, '2026-01-23 03:58:20', '2026-01-23 03:58:20', 0),
(687, 51, 14, 0, '2026-01-03', NULL, NULL, 'working', 'X', 0, 0, NULL, '2026-01-23 03:58:20', '2026-01-23 03:58:20', 0),
(688, 51, 14, 0, '2026-01-04', NULL, NULL, 'working', NULL, 0, 0, NULL, '2026-01-23 03:58:20', '2026-01-23 04:00:45', 0),
(689, 51, 14, 0, '2026-01-05', NULL, NULL, 'working', 'X', 0, 0, NULL, '2026-01-23 03:58:20', '2026-01-23 03:58:20', 0),
(690, 51, 14, 0, '2026-01-06', NULL, NULL, 'working', 'X', 0, 0, NULL, '2026-01-23 03:58:20', '2026-01-23 03:58:20', 0),
(691, 51, 14, 0, '2026-01-07', NULL, NULL, 'working', 'X', 0, 0, NULL, '2026-01-23 03:58:20', '2026-01-23 03:58:20', 0),
(692, 51, 14, 0, '2026-01-08', NULL, NULL, 'working', 'X', 0, 0, NULL, '2026-01-23 03:58:20', '2026-01-23 03:58:20', 0),
(693, 51, 14, 0, '2026-01-09', NULL, NULL, 'working', 'X', 0, 0, NULL, '2026-01-23 03:58:20', '2026-01-23 03:58:20', 0),
(694, 51, 14, 0, '2026-01-10', NULL, NULL, 'working', 'X', 0, 0, NULL, '2026-01-23 03:58:20', '2026-01-23 03:58:20', 0),
(695, 51, 14, 0, '2026-01-11', NULL, NULL, 'working', NULL, 0, 0, NULL, '2026-01-23 03:58:20', '2026-01-23 04:00:45', 0),
(696, 51, 14, 0, '2026-01-12', NULL, NULL, 'working', 'X', 0, 0, NULL, '2026-01-23 03:58:20', '2026-01-23 03:58:20', 0),
(697, 51, 14, 0, '2026-01-13', NULL, NULL, 'working', 'X', 0, 0, NULL, '2026-01-23 03:58:20', '2026-01-23 03:58:20', 0),
(698, 51, 14, 0, '2026-01-14', NULL, NULL, 'working', 'X', 0, 0, NULL, '2026-01-23 03:58:20', '2026-01-23 03:58:20', 0),
(699, 51, 14, 0, '2026-01-15', NULL, NULL, 'working', 'X', 0, 0, NULL, '2026-01-23 03:58:20', '2026-01-23 03:58:20', 0),
(700, 51, 14, 0, '2026-01-16', NULL, NULL, 'working', 'X', 0, 0, NULL, '2026-01-23 03:58:20', '2026-01-23 03:58:20', 0),
(701, 51, 14, 0, '2026-01-17', NULL, NULL, 'working', 'X', 0, 0, NULL, '2026-01-23 03:58:20', '2026-01-23 03:58:20', 0),
(702, 51, 14, 0, '2026-01-18', NULL, NULL, 'working', NULL, 0, 0, NULL, '2026-01-23 03:58:20', '2026-01-23 04:00:45', 0),
(703, 51, 14, 0, '2026-01-19', NULL, NULL, 'working', 'X', 0, 0, NULL, '2026-01-23 03:58:20', '2026-01-23 03:58:20', 0),
(704, 51, 14, 0, '2026-01-20', NULL, NULL, 'working', 'X', 0, 0, NULL, '2026-01-23 03:58:20', '2026-01-23 03:58:20', 0),
(705, 51, 14, 0, '2026-01-21', NULL, NULL, 'working', 'X', 0, 0, NULL, '2026-01-23 03:58:20', '2026-01-23 03:58:20', 0),
(706, 51, 14, 0, '2026-01-22', NULL, NULL, 'working', 'X', 0, 0, NULL, '2026-01-23 03:58:20', '2026-01-23 03:58:20', 0),
(707, 51, 14, 0, '2026-01-23', NULL, NULL, 'working', 'X', 0, 0, NULL, '2026-01-23 03:58:20', '2026-01-23 03:58:20', 0),
(708, 51, 14, 0, '2026-01-24', NULL, NULL, 'working', 'X', 0, 0, NULL, '2026-01-23 03:58:20', '2026-01-23 03:58:20', 0),
(709, 51, 14, 0, '2026-01-25', NULL, NULL, 'working', NULL, 0, 0, NULL, '2026-01-23 03:58:20', '2026-01-23 04:00:45', 0),
(710, 51, 14, 0, '2026-01-26', NULL, NULL, 'working', 'X', 0, 0, NULL, '2026-01-23 03:58:20', '2026-01-23 03:58:20', 0),
(711, 51, 14, 0, '2026-01-27', NULL, NULL, 'working', 'X', 0, 0, NULL, '2026-01-23 03:58:20', '2026-01-23 03:58:20', 0),
(712, 51, 14, 0, '2026-01-28', NULL, NULL, 'working', 'X', 0, 0, NULL, '2026-01-23 03:58:20', '2026-01-23 03:58:20', 0),
(713, 51, 14, 0, '2026-01-29', NULL, NULL, 'working', 'X', 0, 0, NULL, '2026-01-23 03:58:20', '2026-01-23 03:58:20', 0),
(714, 51, 14, 0, '2026-01-30', NULL, NULL, 'working', 'X', 0, 0, NULL, '2026-01-23 03:58:20', '2026-01-23 03:58:20', 0),
(715, 51, 14, 0, '2026-01-31', NULL, NULL, 'working', 'X', 0, 0, NULL, '2026-01-23 03:58:20', '2026-01-23 03:58:20', 0),
(716, 52, 14, 0, '2026-01-01', NULL, NULL, 'working', 'L', 0, 0, NULL, '2026-01-23 03:58:20', '2026-01-23 03:59:02', 0),
(717, 52, 14, 0, '2026-01-02', NULL, NULL, 'working', 'X', 0, 0, NULL, '2026-01-23 03:58:20', '2026-01-23 03:58:20', 0),
(718, 52, 14, 0, '2026-01-03', NULL, NULL, 'working', 'X', 0, 0, NULL, '2026-01-23 03:58:20', '2026-01-23 03:58:20', 0),
(719, 52, 14, 0, '2026-01-04', NULL, NULL, 'working', NULL, 0, 0, NULL, '2026-01-23 03:58:20', '2026-01-23 04:00:45', 0),
(720, 52, 14, 0, '2026-01-05', NULL, NULL, 'working', 'X', 0, 0, NULL, '2026-01-23 03:58:20', '2026-01-23 03:58:20', 0),
(721, 52, 14, 0, '2026-01-06', NULL, NULL, 'working', 'X', 0, 0, NULL, '2026-01-23 03:58:20', '2026-01-23 03:58:20', 0),
(722, 52, 14, 0, '2026-01-07', NULL, NULL, 'working', 'X', 0, 0, NULL, '2026-01-23 03:58:20', '2026-01-23 03:58:20', 0),
(723, 52, 14, 0, '2026-01-08', NULL, NULL, 'working', 'X', 0, 0, NULL, '2026-01-23 03:58:20', '2026-01-23 03:58:20', 0),
(724, 52, 14, 0, '2026-01-09', NULL, NULL, 'working', 'X', 0, 0, NULL, '2026-01-23 03:58:20', '2026-01-23 03:58:20', 0),
(725, 52, 14, 0, '2026-01-10', NULL, NULL, 'working', 'X', 0, 0, NULL, '2026-01-23 03:58:20', '2026-01-23 03:58:20', 0),
(726, 52, 14, 0, '2026-01-11', NULL, NULL, 'working', NULL, 0, 0, NULL, '2026-01-23 03:58:20', '2026-01-23 04:00:45', 0),
(727, 52, 14, 0, '2026-01-12', NULL, NULL, 'working', 'X', 0, 0, NULL, '2026-01-23 03:58:20', '2026-01-23 03:58:20', 0),
(728, 52, 14, 0, '2026-01-13', NULL, NULL, 'working', 'X', 0, 0, NULL, '2026-01-23 03:58:20', '2026-01-23 03:58:20', 0),
(729, 52, 14, 0, '2026-01-14', NULL, NULL, 'working', 'X', 0, 0, NULL, '2026-01-23 03:58:20', '2026-01-23 03:58:20', 0),
(730, 52, 14, 0, '2026-01-15', NULL, NULL, 'working', 'X', 0, 0, NULL, '2026-01-23 03:58:20', '2026-01-23 03:58:20', 0),
(731, 52, 14, 0, '2026-01-16', NULL, NULL, 'working', 'X', 0, 0, NULL, '2026-01-23 03:58:20', '2026-01-23 03:58:20', 0),
(732, 52, 14, 0, '2026-01-17', NULL, NULL, 'working', 'X', 0, 0, NULL, '2026-01-23 03:58:20', '2026-01-23 03:58:20', 0),
(733, 52, 14, 0, '2026-01-18', NULL, NULL, 'working', NULL, 0, 0, NULL, '2026-01-23 03:58:20', '2026-01-23 04:00:45', 0),
(734, 52, 14, 0, '2026-01-19', NULL, NULL, 'working', 'X', 0, 0, NULL, '2026-01-23 03:58:20', '2026-01-23 03:58:20', 0),
(735, 52, 14, 0, '2026-01-20', NULL, NULL, 'working', 'X', 0, 0, NULL, '2026-01-23 03:58:20', '2026-01-23 03:58:20', 0),
(736, 52, 14, 0, '2026-01-21', NULL, NULL, 'working', 'X', 0, 0, NULL, '2026-01-23 03:58:20', '2026-01-23 03:58:20', 0),
(737, 52, 14, 0, '2026-01-22', NULL, NULL, 'working', 'X', 0, 0, NULL, '2026-01-23 03:58:20', '2026-01-23 03:58:20', 0),
(738, 52, 14, 0, '2026-01-23', NULL, NULL, 'working', 'X', 0, 0, NULL, '2026-01-23 03:58:20', '2026-01-23 03:58:20', 0),
(739, 52, 14, 0, '2026-01-24', NULL, NULL, 'working', 'X', 0, 0, NULL, '2026-01-23 03:58:20', '2026-01-23 03:58:20', 0),
(740, 52, 14, 0, '2026-01-25', NULL, NULL, 'working', NULL, 0, 0, NULL, '2026-01-23 03:58:20', '2026-01-23 04:00:45', 0),
(741, 52, 14, 0, '2026-01-26', NULL, NULL, 'working', 'X', 0, 0, NULL, '2026-01-23 03:58:20', '2026-01-23 03:58:20', 0),
(742, 52, 14, 0, '2026-01-27', NULL, NULL, 'working', 'X', 0, 0, NULL, '2026-01-23 03:58:20', '2026-01-23 03:58:20', 0),
(743, 52, 14, 0, '2026-01-28', NULL, NULL, 'working', 'X', 0, 0, NULL, '2026-01-23 03:58:20', '2026-01-23 03:58:20', 0),
(744, 52, 14, 0, '2026-01-29', NULL, NULL, 'working', 'X', 0, 0, NULL, '2026-01-23 03:58:20', '2026-01-23 03:58:20', 0),
(745, 52, 14, 0, '2026-01-30', NULL, NULL, 'working', 'X', 0, 0, NULL, '2026-01-23 03:58:20', '2026-01-23 03:58:20', 0),
(746, 52, 14, 0, '2026-01-31', NULL, NULL, 'working', 'X', 0, 0, NULL, '2026-01-23 03:58:20', '2026-01-23 03:58:20', 0),
(747, 53, 14, 0, '2026-01-01', NULL, NULL, 'working', 'L', 0, 0, NULL, '2026-01-23 03:58:20', '2026-01-23 03:59:02', 0),
(748, 53, 14, 0, '2026-01-02', NULL, NULL, 'working', 'X', 0, 0, NULL, '2026-01-23 03:58:20', '2026-01-23 03:58:20', 0),
(749, 53, 14, 0, '2026-01-03', NULL, NULL, 'working', 'X', 0, 0, NULL, '2026-01-23 03:58:20', '2026-01-23 03:58:20', 0),
(750, 53, 14, 0, '2026-01-04', NULL, NULL, 'working', NULL, 0, 0, NULL, '2026-01-23 03:58:20', '2026-01-23 04:00:45', 0),
(751, 53, 14, 0, '2026-01-05', NULL, NULL, 'working', 'X', 0, 0, NULL, '2026-01-23 03:58:20', '2026-01-23 03:58:20', 0),
(752, 53, 14, 0, '2026-01-06', NULL, NULL, 'working', 'X', 0, 0, NULL, '2026-01-23 03:58:20', '2026-01-23 03:58:20', 0),
(753, 53, 14, 0, '2026-01-07', NULL, NULL, 'working', 'X', 0, 0, NULL, '2026-01-23 03:58:20', '2026-01-23 03:58:20', 0),
(754, 53, 14, 0, '2026-01-08', NULL, NULL, 'working', 'X', 0, 0, NULL, '2026-01-23 03:58:20', '2026-01-23 03:58:20', 0),
(755, 53, 14, 0, '2026-01-09', NULL, NULL, 'working', 'X', 0, 0, NULL, '2026-01-23 03:58:20', '2026-01-23 03:58:20', 0),
(756, 53, 14, 0, '2026-01-10', NULL, NULL, 'working', 'X', 0, 0, NULL, '2026-01-23 03:58:20', '2026-01-23 03:58:20', 0),
(757, 53, 14, 0, '2026-01-11', NULL, NULL, 'working', NULL, 0, 0, NULL, '2026-01-23 03:58:20', '2026-01-23 04:00:45', 0),
(758, 53, 14, 0, '2026-01-12', NULL, NULL, 'working', 'X', 0, 0, NULL, '2026-01-23 03:58:20', '2026-01-23 03:58:20', 0),
(759, 53, 14, 0, '2026-01-13', NULL, NULL, 'working', 'X', 0, 0, NULL, '2026-01-23 03:58:20', '2026-01-23 03:58:20', 0),
(760, 53, 14, 0, '2026-01-14', NULL, NULL, 'working', 'X', 0, 0, NULL, '2026-01-23 03:58:20', '2026-01-23 03:58:20', 0),
(761, 53, 14, 0, '2026-01-15', NULL, NULL, 'working', 'X', 0, 0, NULL, '2026-01-23 03:58:20', '2026-01-23 03:58:20', 0),
(762, 53, 14, 0, '2026-01-16', NULL, NULL, 'working', 'X', 0, 0, NULL, '2026-01-23 03:58:20', '2026-01-23 03:58:20', 0),
(763, 53, 14, 0, '2026-01-17', NULL, NULL, 'working', 'X', 0, 0, NULL, '2026-01-23 03:58:20', '2026-01-23 03:58:20', 0),
(764, 53, 14, 0, '2026-01-18', NULL, NULL, 'working', NULL, 0, 0, NULL, '2026-01-23 03:58:20', '2026-01-23 04:00:45', 0),
(765, 53, 14, 0, '2026-01-19', NULL, NULL, 'working', 'X', 0, 0, NULL, '2026-01-23 03:58:20', '2026-01-23 03:58:20', 0),
(766, 53, 14, 0, '2026-01-20', NULL, NULL, 'working', 'X', 0, 0, NULL, '2026-01-23 03:58:20', '2026-01-23 03:58:20', 0),
(767, 53, 14, 0, '2026-01-21', NULL, NULL, 'working', 'X', 0, 0, NULL, '2026-01-23 03:58:20', '2026-01-23 03:58:20', 0),
(768, 53, 14, 0, '2026-01-22', NULL, NULL, 'working', 'X', 0, 0, NULL, '2026-01-23 03:58:20', '2026-01-23 03:58:20', 0),
(769, 53, 14, 0, '2026-01-23', NULL, NULL, 'working', 'X', 0, 0, NULL, '2026-01-23 03:58:20', '2026-01-23 03:58:20', 0),
(770, 53, 14, 0, '2026-01-24', NULL, NULL, 'working', 'X', 0, 0, NULL, '2026-01-23 03:58:20', '2026-01-23 03:58:20', 0),
(771, 53, 14, 0, '2026-01-25', NULL, NULL, 'working', NULL, 0, 0, NULL, '2026-01-23 03:58:20', '2026-01-23 04:00:45', 0),
(772, 53, 14, 0, '2026-01-26', NULL, NULL, 'working', 'X', 0, 0, NULL, '2026-01-23 03:58:20', '2026-01-23 03:58:20', 0),
(773, 53, 14, 0, '2026-01-27', NULL, NULL, 'working', 'X', 0, 0, NULL, '2026-01-23 03:58:20', '2026-01-23 03:58:20', 0),
(774, 53, 14, 0, '2026-01-28', NULL, NULL, 'working', 'X', 0, 0, NULL, '2026-01-23 03:58:20', '2026-01-23 03:58:20', 0),
(775, 53, 14, 0, '2026-01-29', NULL, NULL, 'working', 'X', 0, 0, NULL, '2026-01-23 03:58:20', '2026-01-23 03:58:20', 0),
(776, 53, 14, 0, '2026-01-30', NULL, NULL, 'working', 'X', 0, 0, NULL, '2026-01-23 03:58:20', '2026-01-23 03:58:20', 0),
(777, 53, 14, 0, '2026-01-31', NULL, NULL, 'working', 'X', 0, 0, NULL, '2026-01-23 03:58:20', '2026-01-23 03:58:20', 0),
(778, 54, 14, 0, '2026-01-01', NULL, NULL, 'working', 'L', 0, 0, NULL, '2026-01-23 03:58:20', '2026-01-23 03:59:02', 0),
(779, 54, 14, 0, '2026-01-02', NULL, NULL, 'working', 'X', 0, 0, NULL, '2026-01-23 03:58:20', '2026-01-23 03:58:20', 0),
(780, 54, 14, 0, '2026-01-03', NULL, NULL, 'working', 'X', 0, 0, NULL, '2026-01-23 03:58:20', '2026-01-23 03:58:20', 0),
(781, 54, 14, 0, '2026-01-04', NULL, NULL, 'working', NULL, 0, 0, NULL, '2026-01-23 03:58:20', '2026-01-23 04:00:45', 0),
(782, 54, 14, 0, '2026-01-05', NULL, NULL, 'working', 'X', 0, 0, NULL, '2026-01-23 03:58:20', '2026-01-23 03:58:20', 0),
(783, 54, 14, 0, '2026-01-06', NULL, NULL, 'working', 'X', 0, 0, NULL, '2026-01-23 03:58:20', '2026-01-23 03:58:20', 0),
(784, 54, 14, 0, '2026-01-07', NULL, NULL, 'working', 'X', 0, 0, NULL, '2026-01-23 03:58:20', '2026-01-23 03:58:20', 0),
(785, 54, 14, 0, '2026-01-08', NULL, NULL, 'working', 'X', 0, 0, NULL, '2026-01-23 03:58:20', '2026-01-23 03:58:20', 0),
(786, 54, 14, 0, '2026-01-09', NULL, NULL, 'working', 'X', 0, 0, NULL, '2026-01-23 03:58:20', '2026-01-23 03:58:20', 0),
(787, 54, 14, 0, '2026-01-10', NULL, NULL, 'working', 'X', 0, 0, NULL, '2026-01-23 03:58:20', '2026-01-23 03:58:20', 0),
(788, 54, 14, 0, '2026-01-11', NULL, NULL, 'working', NULL, 0, 0, NULL, '2026-01-23 03:58:20', '2026-01-23 04:00:45', 0),
(789, 54, 14, 0, '2026-01-12', NULL, NULL, 'working', 'X', 0, 0, NULL, '2026-01-23 03:58:20', '2026-01-23 03:58:20', 0),
(790, 54, 14, 0, '2026-01-13', NULL, NULL, 'working', 'X', 0, 0, NULL, '2026-01-23 03:58:20', '2026-01-23 03:58:20', 0),
(791, 54, 14, 0, '2026-01-14', NULL, NULL, 'working', 'X', 0, 0, NULL, '2026-01-23 03:58:20', '2026-01-23 03:58:20', 0),
(792, 54, 14, 0, '2026-01-15', NULL, NULL, 'working', 'X', 0, 0, NULL, '2026-01-23 03:58:20', '2026-01-23 03:58:20', 0),
(793, 54, 14, 0, '2026-01-16', NULL, NULL, 'working', 'X', 0, 0, NULL, '2026-01-23 03:58:20', '2026-01-23 03:58:20', 0),
(794, 54, 14, 0, '2026-01-17', NULL, NULL, 'working', 'X', 0, 0, NULL, '2026-01-23 03:58:20', '2026-01-23 03:58:20', 0),
(795, 54, 14, 0, '2026-01-18', NULL, NULL, 'working', NULL, 0, 0, NULL, '2026-01-23 03:58:20', '2026-01-23 04:00:45', 0),
(796, 54, 14, 0, '2026-01-19', NULL, NULL, 'working', 'X', 0, 0, NULL, '2026-01-23 03:58:20', '2026-01-23 03:58:20', 0),
(797, 54, 14, 0, '2026-01-20', NULL, NULL, 'working', 'X', 0, 0, NULL, '2026-01-23 03:58:20', '2026-01-23 03:58:20', 0),
(798, 54, 14, 0, '2026-01-21', NULL, NULL, 'working', 'X', 0, 0, NULL, '2026-01-23 03:58:20', '2026-01-23 03:58:20', 0),
(799, 54, 14, 0, '2026-01-22', NULL, NULL, 'working', 'X', 0, 0, NULL, '2026-01-23 03:58:20', '2026-01-23 03:58:20', 0),
(800, 54, 14, 0, '2026-01-23', NULL, NULL, 'working', 'X', 0, 0, NULL, '2026-01-23 03:58:20', '2026-01-23 03:58:20', 0),
(801, 54, 14, 0, '2026-01-24', NULL, NULL, 'working', 'X', 0, 0, NULL, '2026-01-23 03:58:20', '2026-01-23 03:58:20', 0),
(802, 54, 14, 0, '2026-01-25', NULL, NULL, 'working', NULL, 0, 0, NULL, '2026-01-23 03:58:20', '2026-01-23 04:00:45', 0),
(803, 54, 14, 0, '2026-01-26', NULL, NULL, 'working', 'X', 0, 0, NULL, '2026-01-23 03:58:20', '2026-01-23 03:58:20', 0),
(804, 54, 14, 0, '2026-01-27', NULL, NULL, 'working', 'X', 0, 0, NULL, '2026-01-23 03:58:20', '2026-01-23 03:58:20', 0),
(805, 54, 14, 0, '2026-01-28', NULL, NULL, 'working', 'X', 0, 0, NULL, '2026-01-23 03:58:20', '2026-01-23 03:58:20', 0),
(806, 54, 14, 0, '2026-01-29', NULL, NULL, 'working', 'X', 0, 0, NULL, '2026-01-23 03:58:20', '2026-01-23 03:58:20', 0),
(807, 54, 14, 0, '2026-01-30', NULL, NULL, 'working', 'X', 0, 0, NULL, '2026-01-23 03:58:20', '2026-01-23 03:58:20', 0),
(808, 54, 14, 0, '2026-01-31', NULL, NULL, 'working', 'X', 0, 0, NULL, '2026-01-23 03:58:20', '2026-01-23 03:58:20', 0),
(809, 55, 14, 0, '2026-01-01', NULL, NULL, 'working', 'L', 0, 0, NULL, '2026-01-23 03:58:20', '2026-01-23 03:59:02', 0),
(810, 55, 14, 0, '2026-01-02', NULL, NULL, 'working', 'X', 0, 0, NULL, '2026-01-23 03:58:20', '2026-01-23 03:58:20', 0),
(811, 55, 14, 0, '2026-01-03', NULL, NULL, 'working', 'X', 0, 0, NULL, '2026-01-23 03:58:20', '2026-01-23 03:58:20', 0),
(812, 55, 14, 0, '2026-01-04', NULL, NULL, 'working', NULL, 0, 0, NULL, '2026-01-23 03:58:20', '2026-01-23 04:00:45', 0),
(813, 55, 14, 0, '2026-01-05', NULL, NULL, 'working', 'X', 0, 0, NULL, '2026-01-23 03:58:20', '2026-01-23 03:58:20', 0),
(814, 55, 14, 0, '2026-01-06', NULL, NULL, 'working', 'X', 0, 0, NULL, '2026-01-23 03:58:20', '2026-01-23 03:58:20', 0),
(815, 55, 14, 0, '2026-01-07', NULL, NULL, 'working', 'X', 0, 0, NULL, '2026-01-23 03:58:20', '2026-01-23 03:58:20', 0),
(816, 55, 14, 0, '2026-01-08', NULL, NULL, 'working', 'X', 0, 0, NULL, '2026-01-23 03:58:20', '2026-01-23 03:58:20', 0),
(817, 55, 14, 0, '2026-01-09', NULL, NULL, 'working', 'X', 0, 0, NULL, '2026-01-23 03:58:20', '2026-01-23 03:58:20', 0),
(818, 55, 14, 0, '2026-01-10', NULL, NULL, 'working', 'X', 0, 0, NULL, '2026-01-23 03:58:20', '2026-01-23 03:58:20', 0),
(819, 55, 14, 0, '2026-01-11', NULL, NULL, 'working', NULL, 0, 0, NULL, '2026-01-23 03:58:20', '2026-01-23 04:00:45', 0),
(820, 55, 14, 0, '2026-01-12', NULL, NULL, 'working', 'X', 0, 0, NULL, '2026-01-23 03:58:20', '2026-01-23 03:58:20', 0),
(821, 55, 14, 0, '2026-01-13', NULL, NULL, 'working', 'X', 0, 0, NULL, '2026-01-23 03:58:20', '2026-01-23 03:58:20', 0),
(822, 55, 14, 0, '2026-01-14', NULL, NULL, 'working', 'X', 0, 0, NULL, '2026-01-23 03:58:20', '2026-01-23 03:58:20', 0),
(823, 55, 14, 0, '2026-01-15', NULL, NULL, 'working', 'X', 0, 0, NULL, '2026-01-23 03:58:20', '2026-01-23 03:58:20', 0),
(824, 55, 14, 0, '2026-01-16', NULL, NULL, 'working', 'X', 0, 0, NULL, '2026-01-23 03:58:20', '2026-01-23 03:58:20', 0),
(825, 55, 14, 0, '2026-01-17', NULL, NULL, 'working', 'X', 0, 0, NULL, '2026-01-23 03:58:20', '2026-01-23 03:58:20', 0),
(826, 55, 14, 0, '2026-01-18', NULL, NULL, 'working', NULL, 0, 0, NULL, '2026-01-23 03:58:20', '2026-01-23 04:00:45', 0),
(827, 55, 14, 0, '2026-01-19', NULL, NULL, 'working', 'X', 0, 0, NULL, '2026-01-23 03:58:20', '2026-01-23 03:58:20', 0),
(828, 55, 14, 0, '2026-01-20', NULL, NULL, 'working', 'X', 0, 0, NULL, '2026-01-23 03:58:20', '2026-01-23 03:58:20', 0),
(829, 55, 14, 0, '2026-01-21', NULL, NULL, 'working', 'X', 0, 0, NULL, '2026-01-23 03:58:20', '2026-01-23 03:58:20', 0),
(830, 55, 14, 0, '2026-01-22', NULL, NULL, 'working', 'X', 0, 0, NULL, '2026-01-23 03:58:20', '2026-01-23 03:58:20', 0),
(831, 55, 14, 0, '2026-01-23', NULL, NULL, 'working', 'X', 0, 0, NULL, '2026-01-23 03:58:20', '2026-01-23 03:58:20', 0),
(832, 55, 14, 0, '2026-01-24', NULL, NULL, 'working', 'X', 0, 0, NULL, '2026-01-23 03:58:20', '2026-01-23 03:58:20', 0),
(833, 55, 14, 0, '2026-01-25', NULL, NULL, 'working', NULL, 0, 0, NULL, '2026-01-23 03:58:20', '2026-01-23 04:00:45', 0),
(834, 55, 14, 0, '2026-01-26', NULL, NULL, 'working', 'X', 0, 0, NULL, '2026-01-23 03:58:20', '2026-01-23 03:58:20', 0),
(835, 55, 14, 0, '2026-01-27', NULL, NULL, 'working', 'X', 0, 0, NULL, '2026-01-23 03:58:20', '2026-01-23 03:58:20', 0),
(836, 55, 14, 0, '2026-01-28', NULL, NULL, 'working', 'X', 0, 0, NULL, '2026-01-23 03:58:20', '2026-01-23 03:58:20', 0);
INSERT INTO `attendance` (`id`, `employee_id`, `project_id`, `shift_id`, `date`, `check_in`, `check_out`, `status`, `timekeeper_symbol`, `overtime_hours`, `is_manual_import`, `note`, `created_at`, `updated_at`, `target_project_id`) VALUES
(837, 55, 14, 0, '2026-01-29', NULL, NULL, 'working', 'X', 0, 0, NULL, '2026-01-23 03:58:20', '2026-01-23 03:58:20', 0),
(838, 55, 14, 0, '2026-01-30', NULL, NULL, 'working', 'X', 0, 0, NULL, '2026-01-23 03:58:20', '2026-01-23 03:58:20', 0),
(839, 55, 14, 0, '2026-01-31', NULL, NULL, 'working', 'X', 0, 0, NULL, '2026-01-23 03:58:20', '2026-01-23 03:58:20', 0),
(840, 56, 14, 0, '2026-01-01', NULL, NULL, 'working', 'L', 0, 0, NULL, '2026-01-23 03:58:20', '2026-01-23 03:59:02', 0),
(841, 56, 14, 0, '2026-01-02', NULL, NULL, 'working', 'X', 0, 0, NULL, '2026-01-23 03:58:21', '2026-01-23 03:58:21', 0),
(842, 56, 14, 0, '2026-01-03', NULL, NULL, 'working', 'X', 0, 0, NULL, '2026-01-23 03:58:21', '2026-01-23 03:58:21', 0),
(843, 56, 14, 0, '2026-01-04', NULL, NULL, 'working', NULL, 0, 0, NULL, '2026-01-23 03:58:21', '2026-01-23 04:00:45', 0),
(844, 56, 14, 0, '2026-01-05', NULL, NULL, 'working', 'X', 0, 0, NULL, '2026-01-23 03:58:21', '2026-01-23 03:58:21', 0),
(845, 56, 14, 0, '2026-01-06', NULL, NULL, 'working', 'X', 0, 0, NULL, '2026-01-23 03:58:21', '2026-01-23 03:58:21', 0),
(846, 56, 14, 0, '2026-01-07', NULL, NULL, 'working', 'X', 0, 0, NULL, '2026-01-23 03:58:21', '2026-01-23 03:58:21', 0),
(847, 56, 14, 0, '2026-01-08', NULL, NULL, 'working', 'X', 0, 0, NULL, '2026-01-23 03:58:21', '2026-01-23 03:58:21', 0),
(848, 56, 14, 0, '2026-01-09', NULL, NULL, 'working', 'X', 0, 0, NULL, '2026-01-23 03:58:21', '2026-01-23 03:58:21', 0),
(849, 56, 14, 0, '2026-01-10', NULL, NULL, 'working', 'X', 0, 0, NULL, '2026-01-23 03:58:21', '2026-01-23 03:58:21', 0),
(850, 56, 14, 0, '2026-01-11', NULL, NULL, 'working', NULL, 0, 0, NULL, '2026-01-23 03:58:21', '2026-01-23 04:00:45', 0),
(851, 56, 14, 0, '2026-01-12', NULL, NULL, 'working', 'X', 0, 0, NULL, '2026-01-23 03:58:21', '2026-01-23 03:58:21', 0),
(852, 56, 14, 0, '2026-01-13', NULL, NULL, 'working', 'X', 0, 0, NULL, '2026-01-23 03:58:21', '2026-01-23 03:58:21', 0),
(853, 56, 14, 0, '2026-01-14', NULL, NULL, 'working', 'X', 0, 0, NULL, '2026-01-23 03:58:21', '2026-01-23 03:58:21', 0),
(854, 56, 14, 0, '2026-01-15', NULL, NULL, 'working', 'X', 0, 0, NULL, '2026-01-23 03:58:21', '2026-01-23 03:58:21', 0),
(855, 56, 14, 0, '2026-01-16', NULL, NULL, 'working', 'X', 0, 0, NULL, '2026-01-23 03:58:21', '2026-01-23 03:58:21', 0),
(856, 56, 14, 0, '2026-01-17', NULL, NULL, 'working', 'X', 0, 0, NULL, '2026-01-23 03:58:21', '2026-01-23 03:58:21', 0),
(857, 56, 14, 0, '2026-01-18', NULL, NULL, 'working', NULL, 0, 0, NULL, '2026-01-23 03:58:21', '2026-01-23 04:00:45', 0),
(858, 56, 14, 0, '2026-01-19', NULL, NULL, 'working', 'X', 0, 0, NULL, '2026-01-23 03:58:21', '2026-01-23 03:58:21', 0),
(859, 56, 14, 0, '2026-01-20', NULL, NULL, 'working', 'X', 0, 0, NULL, '2026-01-23 03:58:21', '2026-01-23 03:58:21', 0),
(860, 56, 14, 0, '2026-01-21', NULL, NULL, 'working', 'X', 0, 0, NULL, '2026-01-23 03:58:21', '2026-01-23 03:58:21', 0),
(861, 56, 14, 0, '2026-01-22', NULL, NULL, 'working', 'X', 0, 0, NULL, '2026-01-23 03:58:21', '2026-01-23 03:58:21', 0),
(862, 56, 14, 0, '2026-01-23', NULL, NULL, 'working', 'X', 0, 0, NULL, '2026-01-23 03:58:21', '2026-01-23 03:58:21', 0),
(863, 56, 14, 0, '2026-01-24', NULL, NULL, 'working', 'X', 0, 0, NULL, '2026-01-23 03:58:21', '2026-01-23 03:58:21', 0),
(864, 56, 14, 0, '2026-01-25', NULL, NULL, 'working', NULL, 0, 0, NULL, '2026-01-23 03:58:21', '2026-01-23 04:00:45', 0),
(865, 56, 14, 0, '2026-01-26', NULL, NULL, 'working', 'X', 0, 0, NULL, '2026-01-23 03:58:21', '2026-01-23 03:58:21', 0),
(866, 56, 14, 0, '2026-01-27', NULL, NULL, 'working', 'X', 0, 0, NULL, '2026-01-23 03:58:21', '2026-01-23 03:58:21', 0),
(867, 56, 14, 0, '2026-01-28', NULL, NULL, 'working', 'X', 0, 0, NULL, '2026-01-23 03:58:21', '2026-01-23 03:58:21', 0),
(868, 56, 14, 0, '2026-01-29', NULL, NULL, 'working', 'X', 0, 0, NULL, '2026-01-23 03:58:21', '2026-01-23 03:58:21', 0),
(869, 56, 14, 0, '2026-01-30', NULL, NULL, 'working', 'X', 0, 0, NULL, '2026-01-23 03:58:21', '2026-01-23 03:58:21', 0),
(870, 56, 14, 0, '2026-01-31', NULL, NULL, 'working', 'X', 0, 0, NULL, '2026-01-23 03:58:21', '2026-01-23 03:58:21', 0),
(871, 57, 14, 0, '2026-01-01', NULL, NULL, 'working', 'L', 0, 0, NULL, '2026-01-23 03:58:21', '2026-01-23 03:59:02', 0),
(872, 57, 14, 0, '2026-01-02', NULL, NULL, 'working', 'X', 0, 0, NULL, '2026-01-23 03:58:21', '2026-01-23 03:58:21', 0),
(873, 57, 14, 0, '2026-01-03', NULL, NULL, 'working', 'X', 0, 0, NULL, '2026-01-23 03:58:21', '2026-01-23 03:58:21', 0),
(874, 57, 14, 0, '2026-01-04', NULL, NULL, 'working', NULL, 0, 0, NULL, '2026-01-23 03:58:21', '2026-01-23 04:00:45', 0),
(875, 57, 14, 0, '2026-01-05', NULL, NULL, 'working', 'X', 0, 0, NULL, '2026-01-23 03:58:21', '2026-01-23 03:58:21', 0),
(876, 57, 14, 0, '2026-01-06', NULL, NULL, 'working', 'X', 0, 0, NULL, '2026-01-23 03:58:21', '2026-01-23 03:58:21', 0),
(877, 57, 14, 0, '2026-01-07', NULL, NULL, 'working', 'X', 0, 0, NULL, '2026-01-23 03:58:21', '2026-01-23 03:58:21', 0),
(878, 57, 14, 0, '2026-01-08', NULL, NULL, 'working', 'X', 0, 0, NULL, '2026-01-23 03:58:21', '2026-01-23 03:58:21', 0),
(879, 57, 14, 0, '2026-01-09', NULL, NULL, 'working', 'X', 0, 0, NULL, '2026-01-23 03:58:21', '2026-01-23 03:58:21', 0),
(880, 57, 14, 0, '2026-01-10', NULL, NULL, 'working', 'X', 0, 0, NULL, '2026-01-23 03:58:21', '2026-01-23 03:58:21', 0),
(881, 57, 14, 0, '2026-01-11', NULL, NULL, 'working', NULL, 0, 0, NULL, '2026-01-23 03:58:21', '2026-01-23 04:00:45', 0),
(882, 57, 14, 0, '2026-01-12', NULL, NULL, 'working', 'X', 0, 0, NULL, '2026-01-23 03:58:21', '2026-01-23 03:58:21', 0),
(883, 57, 14, 0, '2026-01-13', NULL, NULL, 'working', 'X', 0, 0, NULL, '2026-01-23 03:58:21', '2026-01-23 03:58:21', 0),
(884, 57, 14, 0, '2026-01-14', NULL, NULL, 'working', 'X', 0, 0, NULL, '2026-01-23 03:58:21', '2026-01-23 03:58:21', 0),
(885, 57, 14, 0, '2026-01-15', NULL, NULL, 'working', 'X', 0, 0, NULL, '2026-01-23 03:58:21', '2026-01-23 03:58:21', 0),
(886, 57, 14, 0, '2026-01-16', NULL, NULL, 'working', 'X', 0, 0, NULL, '2026-01-23 03:58:21', '2026-01-23 03:58:21', 0),
(887, 57, 14, 0, '2026-01-17', NULL, NULL, 'working', 'X', 0, 0, NULL, '2026-01-23 03:58:21', '2026-01-23 03:58:21', 0),
(888, 57, 14, 0, '2026-01-18', NULL, NULL, 'working', NULL, 0, 0, NULL, '2026-01-23 03:58:21', '2026-01-23 04:00:45', 0),
(889, 57, 14, 0, '2026-01-19', NULL, NULL, 'working', 'X', 0, 0, NULL, '2026-01-23 03:58:21', '2026-01-23 03:58:21', 0),
(890, 57, 14, 0, '2026-01-20', NULL, NULL, 'working', 'X', 0, 0, NULL, '2026-01-23 03:58:21', '2026-01-23 03:58:21', 0),
(891, 57, 14, 0, '2026-01-21', NULL, NULL, 'working', 'X', 0, 0, NULL, '2026-01-23 03:58:21', '2026-01-23 03:58:21', 0),
(892, 57, 14, 0, '2026-01-22', NULL, NULL, 'working', 'X', 0, 0, NULL, '2026-01-23 03:58:21', '2026-01-23 03:58:21', 0),
(893, 57, 14, 0, '2026-01-23', NULL, NULL, 'working', 'X', 0, 0, NULL, '2026-01-23 03:58:21', '2026-01-23 03:58:21', 0),
(894, 57, 14, 0, '2026-01-24', NULL, NULL, 'working', 'X', 0, 0, NULL, '2026-01-23 03:58:21', '2026-01-23 03:58:21', 0),
(895, 57, 14, 0, '2026-01-25', NULL, NULL, 'working', NULL, 0, 0, NULL, '2026-01-23 03:58:21', '2026-01-23 04:00:45', 0),
(896, 57, 14, 0, '2026-01-26', NULL, NULL, 'working', 'X', 0, 0, NULL, '2026-01-23 03:58:21', '2026-01-23 03:58:21', 0),
(897, 57, 14, 0, '2026-01-27', NULL, NULL, 'working', 'X', 0, 0, NULL, '2026-01-23 03:58:21', '2026-01-23 03:58:21', 0),
(898, 57, 14, 0, '2026-01-28', NULL, NULL, 'working', 'X', 0, 0, NULL, '2026-01-23 03:58:21', '2026-01-23 03:58:21', 0),
(899, 57, 14, 0, '2026-01-29', NULL, NULL, 'working', 'X', 0, 0, NULL, '2026-01-23 03:58:21', '2026-01-23 03:58:21', 0),
(900, 57, 14, 0, '2026-01-30', NULL, NULL, 'working', 'X', 0, 0, NULL, '2026-01-23 03:58:21', '2026-01-23 03:58:21', 0),
(901, 57, 14, 0, '2026-01-31', NULL, NULL, 'working', 'X', 0, 0, NULL, '2026-01-23 03:58:21', '2026-01-23 03:58:21', 0);

-- --------------------------------------------------------

--
-- Table structure for table `attendance_locks`
--

CREATE TABLE `attendance_locks` (
  `id` int(11) NOT NULL,
  `project_id` int(11) NOT NULL DEFAULT 0 COMMENT '0: Global Lock (nu cn), >0: Project Lock',
  `month` int(2) NOT NULL,
  `year` int(4) NOT NULL,
  `is_locked` tinyint(1) DEFAULT 0,
  `locked_by` int(11) DEFAULT NULL,
  `locked_at` timestamp NULL DEFAULT NULL
) ENGINE=InnoDB DEFAULT CHARSET=utf8mb4 COLLATE=utf8mb4_unicode_ci;

--
-- Dumping data for table `attendance_locks`
--

INSERT INTO `attendance_locks` (`id`, `project_id`, `month`, `year`, `is_locked`, `locked_by`, `locked_at`) VALUES
(1, 13, 1, 2026, 0, 1, '2026-01-22 05:46:21'),
(6, 32, 1, 2026, 0, 1, '2026-01-23 03:20:33'),
(14, 37, 1, 2026, 1, 1, '2026-01-24 02:38:18');

-- --------------------------------------------------------

--
-- Table structure for table `attendance_logs`
--

CREATE TABLE `attendance_logs` (
  `id` int(11) NOT NULL,
  `employee_id` int(11) NOT NULL,
  `project_id` int(11) NOT NULL,
  `attendance_date` date NOT NULL,
  `old_value` varchar(10) DEFAULT NULL,
  `new_value` varchar(10) DEFAULT NULL,
  `field_type` enum('symbol','ot') DEFAULT 'symbol',
  `changed_by` int(11) DEFAULT NULL,
  `changed_at` timestamp NOT NULL DEFAULT current_timestamp()
) ENGINE=InnoDB DEFAULT CHARSET=utf8mb4 COLLATE=utf8mb4_unicode_ci;

--
-- Dumping data for table `attendance_logs`
--

INSERT INTO `attendance_logs` (`id`, `employee_id`, `project_id`, `attendance_date`, `old_value`, `new_value`, `field_type`, `changed_by`, `changed_at`) VALUES
(1, 12, 32, '2026-01-13', 'X', 'P', 'symbol', 1, '2026-01-22 03:31:11'),
(2, 12, 32, '2026-01-14', 'X', 'P', 'symbol', 1, '2026-01-22 03:31:11'),
(3, 12, 32, '2026-01-02', 'X', '1/2', 'symbol', 1, '2026-01-22 03:59:08'),
(4, 12, 32, '2026-01-05', 'X', '1/P', 'symbol', 1, '2026-01-22 03:59:08'),
(5, 12, 32, '2026-01-08', 'X', '', 'symbol', 1, '2026-01-22 03:59:08'),
(6, 12, 32, '2026-01-09', 'X', 'R', 'symbol', 1, '2026-01-22 03:59:08'),
(7, 12, 32, '2026-01-10', 'X', 'F', 'symbol', 1, '2026-01-22 03:59:08'),
(8, 12, 32, '2026-01-11', '', 'F1', 'symbol', 1, '2026-01-22 03:59:08'),
(9, 12, 32, '2026-01-12', 'X', 'CD', 'symbol', 1, '2026-01-22 03:59:08'),
(10, 12, 32, '2026-01-16', 'X', 'TS', 'symbol', 1, '2026-01-22 03:59:08'),
(11, 12, 32, '2026-01-19', 'X', 'NB', 'symbol', 1, '2026-01-22 03:59:08'),
(12, 15, 32, '2026-01-01', '', 'X', 'symbol', 1, '2026-01-22 04:46:07'),
(13, 15, 32, '2026-01-02', '', 'X', 'symbol', 1, '2026-01-22 04:46:07'),
(14, 15, 32, '2026-01-03', '', 'X', 'symbol', 1, '2026-01-22 04:46:07'),
(15, 15, 32, '2026-01-05', '', 'X', 'symbol', 1, '2026-01-22 04:46:07'),
(16, 15, 32, '2026-01-06', '', 'X', 'symbol', 1, '2026-01-22 04:46:07'),
(17, 15, 32, '2026-01-07', '', 'X', 'symbol', 1, '2026-01-22 04:46:07'),
(18, 15, 32, '2026-01-08', '', 'X', 'symbol', 1, '2026-01-22 04:46:07'),
(19, 15, 32, '2026-01-09', '', 'X', 'symbol', 1, '2026-01-22 04:46:07'),
(20, 15, 32, '2026-01-10', '', 'X', 'symbol', 1, '2026-01-22 04:46:07'),
(21, 15, 32, '2026-01-12', '', 'X', 'symbol', 1, '2026-01-22 04:46:07'),
(22, 15, 32, '2026-01-13', '', 'X', 'symbol', 1, '2026-01-22 04:46:08'),
(23, 15, 32, '2026-01-14', '', 'X', 'symbol', 1, '2026-01-22 04:46:08'),
(24, 15, 32, '2026-01-15', '', 'X', 'symbol', 1, '2026-01-22 04:46:08'),
(25, 15, 32, '2026-01-16', '', 'X', 'symbol', 1, '2026-01-22 04:46:08'),
(26, 15, 32, '2026-01-17', '', 'X', 'symbol', 1, '2026-01-22 04:46:08'),
(27, 15, 32, '2026-01-19', '', 'X', 'symbol', 1, '2026-01-22 04:46:08'),
(28, 15, 32, '2026-01-20', '', 'X', 'symbol', 1, '2026-01-22 04:46:08'),
(29, 15, 32, '2026-01-21', '', 'X', 'symbol', 1, '2026-01-22 04:46:08'),
(30, 15, 32, '2026-01-22', '', 'X', 'symbol', 1, '2026-01-22 04:46:08'),
(31, 14, 32, '2026-01-01', '0', '12', 'ot', 1, '2026-01-22 04:50:24'),
(32, 15, 32, '2026-01-01', '0', '12', 'ot', 1, '2026-01-22 04:50:24'),
(33, 15, 32, '2026-01-02', '0', '12', 'ot', 1, '2026-01-22 04:50:24'),
(34, 15, 32, '2026-01-03', '0', '12', 'ot', 1, '2026-01-22 04:50:24'),
(35, 15, 32, '2026-01-05', '0', '12', 'ot', 1, '2026-01-22 04:50:24'),
(36, 15, 32, '2026-01-06', '0', '12', 'ot', 1, '2026-01-22 04:50:24'),
(37, 15, 32, '2026-01-07', '0', '12', 'ot', 1, '2026-01-22 04:50:24'),
(38, 15, 32, '2026-01-08', '0', '12', 'ot', 1, '2026-01-22 04:50:24'),
(39, 15, 32, '2026-01-09', '0', '12', 'ot', 1, '2026-01-22 04:50:25'),
(40, 2, 13, '2026-01-28', 'P', 'X', 'symbol', 1, '2026-01-22 05:46:28'),
(41, 2, 13, '2026-01-29', 'P', 'X', 'symbol', 1, '2026-01-22 05:46:28'),
(42, 2, 13, '2025-10-01', '', 'X', 'symbol', 1, '2026-01-22 05:49:23'),
(43, 2, 13, '2025-10-02', '', 'X', 'symbol', 1, '2026-01-22 05:49:23'),
(44, 2, 13, '2025-10-03', '', 'X', 'symbol', 1, '2026-01-22 05:49:23'),
(45, 2, 13, '2025-10-04', '', 'X', 'symbol', 1, '2026-01-22 05:49:23'),
(46, 2, 13, '2025-10-06', '', 'X', 'symbol', 1, '2026-01-22 05:49:23'),
(47, 2, 13, '2025-10-07', '', 'X', 'symbol', 1, '2026-01-22 05:49:23'),
(48, 2, 13, '2025-10-08', '', 'X', 'symbol', 1, '2026-01-22 05:49:23'),
(49, 2, 13, '2025-10-09', '', 'X', 'symbol', 1, '2026-01-22 05:49:23'),
(50, 2, 13, '2025-10-10', '', 'X', 'symbol', 1, '2026-01-22 05:49:23'),
(51, 2, 13, '2025-10-11', '', 'X', 'symbol', 1, '2026-01-22 05:49:23'),
(52, 2, 13, '2025-10-13', '', 'X', 'symbol', 1, '2026-01-22 05:49:23'),
(53, 2, 13, '2025-10-14', '', 'X', 'symbol', 1, '2026-01-22 05:49:23'),
(54, 2, 13, '2025-10-15', '', 'X', 'symbol', 1, '2026-01-22 05:49:23'),
(55, 2, 13, '2025-10-16', '', 'X', 'symbol', 1, '2026-01-22 05:49:23'),
(56, 2, 13, '2025-10-17', '', 'X', 'symbol', 1, '2026-01-22 05:49:23'),
(57, 2, 13, '2025-10-18', '', 'X', 'symbol', 1, '2026-01-22 05:49:23'),
(58, 2, 13, '2025-10-20', '', 'X', 'symbol', 1, '2026-01-22 05:49:23'),
(59, 2, 13, '2025-10-21', '', 'X', 'symbol', 1, '2026-01-22 05:49:23'),
(60, 2, 13, '2025-10-22', '', 'X', 'symbol', 1, '2026-01-22 05:49:23'),
(61, 2, 13, '2025-10-23', '', 'X', 'symbol', 1, '2026-01-22 05:49:23'),
(62, 2, 13, '2025-10-24', '', 'X', 'symbol', 1, '2026-01-22 05:49:23'),
(63, 2, 13, '2025-10-25', '', 'X', 'symbol', 1, '2026-01-22 05:49:23'),
(64, 2, 13, '2025-10-27', '', 'X', 'symbol', 1, '2026-01-22 05:49:23'),
(65, 2, 13, '2025-10-28', '', 'X', 'symbol', 1, '2026-01-22 05:49:23'),
(66, 2, 13, '2025-10-29', '', 'X', 'symbol', 1, '2026-01-22 05:49:23'),
(67, 2, 13, '2025-10-30', '', 'X', 'symbol', 1, '2026-01-22 05:49:23'),
(68, 2, 13, '2025-10-31', '', 'X', 'symbol', 1, '2026-01-22 05:49:23'),
(69, 2, 13, '2025-11-01', '', 'X', 'symbol', 1, '2026-01-22 05:49:50'),
(70, 2, 13, '2025-11-02', '', 'X', 'symbol', 1, '2026-01-22 05:49:50'),
(71, 2, 13, '2026-01-27', 'X', 'P', 'symbol', 1, '2026-01-22 05:54:06'),
(72, 2, 13, '2026-01-28', 'X', 'P', 'symbol', 1, '2026-01-22 05:54:06'),
(73, 2, 13, '2025-10-20', 'X', 'P', 'symbol', 1, '2026-01-22 05:55:46'),
(74, 2, 13, '2025-10-21', 'X', 'P', 'symbol', 1, '2026-01-22 05:55:46'),
(75, 14, 32, '2026-01-01', '12', '0', 'ot', 1, '2026-01-22 06:33:34'),
(76, 15, 32, '2026-01-01', '12', '0', 'ot', 1, '2026-01-22 06:33:34'),
(77, 15, 32, '2026-01-02', '12', '0', 'ot', 1, '2026-01-22 06:33:34'),
(78, 15, 32, '2026-01-03', '12', '0', 'ot', 1, '2026-01-22 06:33:34'),
(79, 15, 32, '2026-01-05', '12', '0', 'ot', 1, '2026-01-22 06:33:34'),
(80, 15, 32, '2026-01-06', '12', '0', 'ot', 1, '2026-01-22 06:33:34'),
(81, 15, 32, '2026-01-07', '12', '0', 'ot', 1, '2026-01-22 06:33:34'),
(82, 15, 32, '2026-01-08', '12', '0', 'ot', 1, '2026-01-22 06:33:34'),
(83, 15, 32, '2026-01-09', '12', '0', 'ot', 1, '2026-01-22 06:33:34'),
(84, 12, 32, '2026-01-02', '1/2', 'X', 'symbol', 1, '2026-01-22 06:35:08'),
(85, 12, 32, '2026-01-05', '1/P', 'X', 'symbol', 1, '2026-01-22 06:35:08'),
(86, 12, 32, '2026-01-08', '', 'X', 'symbol', 1, '2026-01-22 06:35:08'),
(87, 12, 32, '2026-01-09', 'R', 'X', 'symbol', 1, '2026-01-22 06:35:08'),
(88, 12, 32, '2026-01-10', 'F', 'X', 'symbol', 1, '2026-01-22 06:35:08'),
(89, 12, 32, '2026-01-11', 'F1', '', 'symbol', 1, '2026-01-22 06:35:08'),
(90, 12, 32, '2026-01-12', 'CD', 'X', 'symbol', 1, '2026-01-22 06:35:08'),
(91, 12, 32, '2026-01-16', 'TS', 'X', 'symbol', 1, '2026-01-22 06:35:08'),
(92, 12, 32, '2026-01-19', 'NB', 'X', 'symbol', 1, '2026-01-22 06:35:08'),
(93, 13, 32, '2026-01-01', '', 'L', 'symbol', 1, '2026-01-22 06:35:08'),
(94, 13, 32, '2026-01-02', '', 'X', 'symbol', 1, '2026-01-22 06:35:08'),
(95, 13, 32, '2026-01-03', '', 'X', 'symbol', 1, '2026-01-22 06:35:08'),
(96, 13, 32, '2026-01-05', '', 'X', 'symbol', 1, '2026-01-22 06:35:08'),
(97, 13, 32, '2026-01-06', '', 'X', 'symbol', 1, '2026-01-22 06:35:08'),
(98, 13, 32, '2026-01-07', '', 'X', 'symbol', 1, '2026-01-22 06:35:08'),
(99, 13, 32, '2026-01-08', '', 'X', 'symbol', 1, '2026-01-22 06:35:08'),
(100, 13, 32, '2026-01-09', '', 'X', 'symbol', 1, '2026-01-22 06:35:08'),
(101, 13, 32, '2026-01-10', '', 'X', 'symbol', 1, '2026-01-22 06:35:08'),
(102, 13, 32, '2026-01-12', '', 'X', 'symbol', 1, '2026-01-22 06:35:08'),
(103, 13, 32, '2026-01-13', '', 'X', 'symbol', 1, '2026-01-22 06:35:08'),
(104, 13, 32, '2026-01-14', '', 'X', 'symbol', 1, '2026-01-22 06:35:08'),
(105, 13, 32, '2026-01-15', '', 'X', 'symbol', 1, '2026-01-22 06:35:08'),
(106, 13, 32, '2026-01-16', '', 'X', 'symbol', 1, '2026-01-22 06:35:08'),
(107, 13, 32, '2026-01-17', '', 'X', 'symbol', 1, '2026-01-22 06:35:08'),
(108, 13, 32, '2026-01-19', '', 'X', 'symbol', 1, '2026-01-22 06:35:08'),
(109, 13, 32, '2026-01-20', '', 'X', 'symbol', 1, '2026-01-22 06:35:08'),
(110, 13, 32, '2026-01-21', '', 'X', 'symbol', 1, '2026-01-22 06:35:08'),
(111, 13, 32, '2026-01-22', '', 'X', 'symbol', 1, '2026-01-22 06:35:08'),
(112, 13, 32, '2026-01-23', '', 'X', 'symbol', 1, '2026-01-22 06:35:08'),
(113, 13, 32, '2026-01-24', '', 'X', 'symbol', 1, '2026-01-22 06:35:08'),
(114, 13, 32, '2026-01-26', '', 'X', 'symbol', 1, '2026-01-22 06:35:08'),
(115, 13, 32, '2026-01-27', '', 'X', 'symbol', 1, '2026-01-22 06:35:08'),
(116, 13, 32, '2026-01-28', '', 'X', 'symbol', 1, '2026-01-22 06:35:08'),
(117, 13, 32, '2026-01-29', '', 'X', 'symbol', 1, '2026-01-22 06:35:08'),
(118, 13, 32, '2026-01-30', '', 'X', 'symbol', 1, '2026-01-22 06:35:08'),
(119, 13, 32, '2026-01-31', '', 'X', 'symbol', 1, '2026-01-22 06:35:08'),
(120, 15, 32, '2026-01-01', 'X', '', 'symbol', 1, '2026-01-22 06:35:08'),
(121, 15, 32, '2026-01-02', 'X', '', 'symbol', 1, '2026-01-22 06:35:08'),
(122, 15, 32, '2026-01-03', 'X', '', 'symbol', 1, '2026-01-22 06:35:08'),
(123, 15, 32, '2026-01-05', 'X', '', 'symbol', 1, '2026-01-22 06:35:08'),
(124, 15, 32, '2026-01-06', 'X', '', 'symbol', 1, '2026-01-22 06:35:08'),
(125, 15, 32, '2026-01-07', 'X', '', 'symbol', 1, '2026-01-22 06:35:08'),
(126, 15, 32, '2026-01-08', 'X', '', 'symbol', 1, '2026-01-22 06:35:08'),
(127, 15, 32, '2026-01-09', 'X', '', 'symbol', 1, '2026-01-22 06:35:08'),
(128, 15, 32, '2026-01-10', 'X', '', 'symbol', 1, '2026-01-22 06:35:08'),
(129, 15, 32, '2026-01-12', 'X', '', 'symbol', 1, '2026-01-22 06:35:08'),
(130, 15, 32, '2026-01-13', 'X', '', 'symbol', 1, '2026-01-22 06:35:08'),
(131, 15, 32, '2026-01-14', 'X', '', 'symbol', 1, '2026-01-22 06:35:08'),
(132, 15, 32, '2026-01-15', 'X', '', 'symbol', 1, '2026-01-22 06:35:08'),
(133, 15, 32, '2026-01-16', 'X', '', 'symbol', 1, '2026-01-22 06:35:08'),
(134, 15, 32, '2026-01-17', 'X', '', 'symbol', 1, '2026-01-22 06:35:08'),
(135, 15, 32, '2026-01-19', 'X', '', 'symbol', 1, '2026-01-22 06:35:08'),
(136, 15, 32, '2026-01-20', 'X', '', 'symbol', 1, '2026-01-22 06:35:08'),
(137, 15, 32, '2026-01-21', 'X', '', 'symbol', 1, '2026-01-22 06:35:08'),
(138, 15, 32, '2026-01-22', 'X', '', 'symbol', 1, '2026-01-22 06:35:08'),
(139, 1, 37, '2026-01-01', '', 'X', 'symbol', 1, '2026-01-22 07:19:33'),
(140, 1, 37, '2026-01-02', '', 'X', 'symbol', 1, '2026-01-22 07:19:33'),
(141, 1, 37, '2026-01-03', '', 'X', 'symbol', 1, '2026-01-22 07:19:33'),
(142, 1, 37, '2026-01-05', '', 'X', 'symbol', 1, '2026-01-22 07:19:33'),
(143, 1, 37, '2026-01-06', '', 'X', 'symbol', 1, '2026-01-22 07:19:33'),
(144, 1, 37, '2026-01-07', '', 'X', 'symbol', 1, '2026-01-22 07:19:33'),
(145, 1, 37, '2026-01-08', '', 'X', 'symbol', 1, '2026-01-22 07:19:33'),
(146, 1, 37, '2026-01-09', '', 'X', 'symbol', 1, '2026-01-22 07:19:33'),
(147, 1, 37, '2026-01-10', '', 'X', 'symbol', 1, '2026-01-22 07:19:33'),
(148, 1, 37, '2026-01-12', '', 'X', 'symbol', 1, '2026-01-22 07:19:33'),
(149, 1, 37, '2026-01-13', '', 'X', 'symbol', 1, '2026-01-22 07:19:33'),
(150, 1, 37, '2026-01-14', '', 'X', 'symbol', 1, '2026-01-22 07:19:33'),
(151, 1, 37, '2026-01-15', '', 'X', 'symbol', 1, '2026-01-22 07:19:33'),
(152, 1, 37, '2026-01-16', '', 'X', 'symbol', 1, '2026-01-22 07:19:33'),
(153, 1, 37, '2026-01-17', '', 'X', 'symbol', 1, '2026-01-22 07:19:33'),
(154, 1, 37, '2026-01-19', '', 'X', 'symbol', 1, '2026-01-22 07:19:33'),
(155, 1, 37, '2026-01-20', NULL, 'X', 'symbol', 1, '2026-01-22 07:19:33'),
(156, 1, 37, '2026-01-21', '', 'X', 'symbol', 1, '2026-01-22 07:19:33'),
(157, 1, 37, '2026-01-22', '', 'X', 'symbol', 1, '2026-01-22 07:19:33'),
(158, 1, 37, '2026-01-23', '', 'X', 'symbol', 1, '2026-01-22 07:19:33'),
(159, 1, 37, '2026-01-24', '', 'X', 'symbol', 1, '2026-01-22 07:19:33'),
(160, 1, 37, '2026-01-26', '', 'X', 'symbol', 1, '2026-01-22 07:19:33'),
(161, 1, 37, '2026-01-27', '', 'X', 'symbol', 1, '2026-01-22 07:19:33'),
(162, 1, 37, '2026-01-28', '', 'X', 'symbol', 1, '2026-01-22 07:19:33'),
(163, 1, 37, '2026-01-29', '', 'X', 'symbol', 1, '2026-01-22 07:19:33'),
(164, 1, 37, '2026-01-30', '', 'X', 'symbol', 1, '2026-01-22 07:19:33'),
(165, 1, 37, '2026-01-31', '', 'X', 'symbol', 1, '2026-01-22 07:19:33'),
(166, 1, 37, '2026-01-01', 'X', 'L', 'symbol', 1, '2026-01-22 07:19:47'),
(167, 1, 37, '2026-01-03', '0', '12', 'ot', 1, '2026-01-23 03:05:20'),
(168, 1, 37, '2026-01-03', '0', '1', '', 1, '2026-01-23 03:07:57'),
(169, 1, 37, '2026-01-05', '0', '12', 'ot', 1, '2026-01-23 03:11:39'),
(170, 1, 37, '2026-01-06', '0', '15', '', 1, '2026-01-23 03:14:03'),
(171, 1, 37, '2026-01-06', '0', '12', 'ot', 1, '2026-01-23 03:14:07'),
(172, 1, 37, '2026-01-03', '12', '0', 'ot', 1, '2026-01-23 03:14:26'),
(173, 1, 37, '2026-01-05', '12', '0', 'ot', 1, '2026-01-23 03:14:26'),
(174, 1, 37, '2026-01-06', '12', '0', 'ot', 1, '2026-01-23 03:14:26'),
(175, 1, 37, '2026-01-03', '0', '12', 'ot', 1, '2026-01-23 03:16:56'),
(176, 1, 37, '2026-01-06', '0', '12', 'ot', 1, '2026-01-23 03:16:56'),
(177, 1, 37, '2026-01-06', '15', '1', '', 1, '2026-01-23 03:16:56'),
(178, 1, 37, '2026-01-07', '0', '12', 'ot', 1, '2026-01-23 03:16:56'),
(179, 1, 37, '2026-01-07', '0', '3', '', 1, '2026-01-23 03:16:56'),
(180, 1, 37, '2026-01-08', '0', '12', 'ot', 1, '2026-01-23 03:16:56'),
(181, 1, 37, '2026-01-09', '0', '12', 'ot', 1, '2026-01-23 03:16:56'),
(182, 1, 37, '2026-01-10', '0', '12', 'ot', 1, '2026-01-23 03:16:56'),
(183, 1, 37, '2026-01-10', '0', '4', '', 1, '2026-01-23 03:16:56'),
(184, 1, 37, '2026-01-12', '0', '12', 'ot', 1, '2026-01-23 03:16:56'),
(185, 1, 37, '2026-01-13', '0', '12', 'ot', 1, '2026-01-23 03:16:56'),
(186, 1, 37, '2026-01-14', '0', '12', 'ot', 1, '2026-01-23 03:16:56'),
(187, 1, 37, '2026-01-14', '0', '4', '', 1, '2026-01-23 03:16:56'),
(188, 14, 32, '2026-01-01', '0', '12', 'ot', 1, '2026-01-23 03:20:57'),
(189, 14, 32, '2026-01-01', '0', '1', '', 1, '2026-01-23 03:20:57'),
(190, 14, 32, '2026-01-02', '0', '12', 'ot', 1, '2026-01-23 03:20:57'),
(191, 14, 32, '2026-01-02', '0', '2', '', 1, '2026-01-23 03:20:57'),
(192, 14, 32, '2026-01-03', '0', '12', 'ot', 1, '2026-01-23 03:20:57'),
(193, 14, 32, '2026-01-03', '0', '2', '', 1, '2026-01-23 03:20:57'),
(194, 14, 32, '2026-01-05', '0', '12', 'ot', 1, '2026-01-23 03:20:57'),
(195, 14, 32, '2026-01-05', '0', '3', '', 1, '2026-01-23 03:20:57'),
(196, 14, 32, '2026-01-06', '0', '12', 'ot', 1, '2026-01-23 03:20:57'),
(197, 14, 32, '2026-01-06', '0', '2', '', 1, '2026-01-23 03:20:57'),
(198, 14, 32, '2026-01-07', '0', '12', 'ot', 1, '2026-01-23 03:20:57'),
(199, 14, 32, '2026-01-08', '0', '12', 'ot', 1, '2026-01-23 03:20:57'),
(200, 1, 37, '2026-01-03', '1', '0', '', 1, '2026-01-23 03:25:53'),
(201, 1, 37, '2026-01-06', '1', '0', '', 1, '2026-01-23 03:25:53'),
(202, 1, 37, '2026-01-07', '3', '0', '', 1, '2026-01-23 03:25:53'),
(203, 1, 37, '2026-01-10', '4', '0', '', 1, '2026-01-23 03:25:53'),
(204, 1, 37, '2026-01-14', '4', '0', '', 1, '2026-01-23 03:25:53'),
(205, 1, 37, '2026-01-06', '0', '1', '', 1, '2026-01-23 03:25:59'),
(206, 1, 37, '2026-01-07', '12', '0', 'ot', 1, '2026-01-23 03:26:16'),
(207, 1, 37, '2026-01-08', '12', '0', 'ot', 1, '2026-01-23 03:26:16'),
(208, 1, 37, '2026-01-09', '12', '0', 'ot', 1, '2026-01-23 03:26:16'),
(209, 1, 37, '2026-01-10', '12', '0', 'ot', 1, '2026-01-23 03:26:16'),
(210, 1, 37, '2026-01-12', '12', '0', 'ot', 1, '2026-01-23 03:26:16'),
(211, 1, 37, '2026-01-13', '12', '0', 'ot', 1, '2026-01-23 03:26:16'),
(212, 1, 37, '2026-01-14', '12', '0', 'ot', 1, '2026-01-23 03:26:16'),
(213, 1, 37, '2026-01-03', '12', '0', 'ot', 1, '2026-01-23 03:26:29'),
(214, 1, 37, '2026-01-06', '12', '0', 'ot', 1, '2026-01-23 03:26:50'),
(215, 1, 37, '2026-01-06', '1', '0', '', 1, '2026-01-23 03:26:50'),
(216, 1, 37, '2026-01-03', '0', '12', 'ot', 1, '2026-01-23 03:27:04'),
(217, 1, 37, '2026-01-05', '0', '12', 'ot', 1, '2026-01-23 03:27:04'),
(218, 1, 37, '2026-01-05', '0', '14', '', 1, '2026-01-23 03:27:04'),
(219, 44, 14, '2026-01-01', '', 'X', 'symbol', 1, '2026-01-23 03:47:49'),
(220, 44, 14, '2026-01-02', '', 'X', 'symbol', 1, '2026-01-23 03:47:49'),
(221, 41, 14, '2026-01-15', '', 'X', 'symbol', 1, '2026-01-23 03:47:49'),
(222, 41, 14, '2026-01-16', '', 'X', 'symbol', 1, '2026-01-23 03:47:49'),
(223, 41, 14, '2026-01-17', '', 'X', 'symbol', 1, '2026-01-23 03:47:49'),
(224, 41, 14, '2026-01-19', '', 'X', 'symbol', 1, '2026-01-23 03:47:49'),
(225, 41, 14, '2026-01-20', '', 'X', 'symbol', 1, '2026-01-23 03:47:49'),
(226, 41, 14, '2026-01-21', '', 'X', 'symbol', 1, '2026-01-23 03:47:49'),
(227, 41, 14, '2026-01-22', '', 'X', 'symbol', 1, '2026-01-23 03:47:49'),
(228, 41, 14, '2026-01-23', '', 'X', 'symbol', 1, '2026-01-23 03:47:49'),
(229, 41, 14, '2026-01-24', '', 'X', 'symbol', 1, '2026-01-23 03:47:49'),
(230, 41, 14, '2026-01-26', '', 'X', 'symbol', 1, '2026-01-23 03:47:49'),
(231, 41, 14, '2026-01-27', '', 'X', 'symbol', 1, '2026-01-23 03:47:49'),
(232, 41, 14, '2026-01-28', '', 'X', 'symbol', 1, '2026-01-23 03:47:49'),
(233, 41, 14, '2026-01-29', '', 'X', 'symbol', 1, '2026-01-23 03:47:49'),
(234, 41, 14, '2026-01-30', '', 'X', 'symbol', 1, '2026-01-23 03:47:49'),
(235, 41, 14, '2026-01-31', '', 'X', 'symbol', 1, '2026-01-23 03:47:49'),
(236, 44, 14, '2026-01-01', 'X', '', 'symbol', 1, '2026-01-23 03:50:05'),
(237, 44, 14, '2026-01-02', 'X', '', 'symbol', 1, '2026-01-23 03:50:05'),
(238, 41, 14, '2026-01-15', 'X', '', 'symbol', 1, '2026-01-23 03:50:05'),
(239, 41, 14, '2026-01-16', 'X', '', 'symbol', 1, '2026-01-23 03:50:05'),
(240, 41, 14, '2026-01-17', 'X', '', 'symbol', 1, '2026-01-23 03:50:05'),
(241, 41, 14, '2026-01-19', 'X', '', 'symbol', 1, '2026-01-23 03:50:30'),
(242, 41, 14, '2026-01-20', 'X', '', 'symbol', 1, '2026-01-23 03:50:30'),
(243, 41, 14, '2026-01-21', 'X', '', 'symbol', 1, '2026-01-23 03:50:30'),
(244, 41, 14, '2026-01-22', 'X', '', 'symbol', 1, '2026-01-23 03:50:30'),
(245, 41, 14, '2026-01-23', 'X', '', 'symbol', 1, '2026-01-23 03:50:30'),
(246, 41, 14, '2026-01-24', 'X', '', 'symbol', 1, '2026-01-23 03:50:30'),
(247, 41, 14, '2026-01-26', 'X', '', 'symbol', 1, '2026-01-23 03:50:30'),
(248, 41, 14, '2026-01-27', 'X', '', 'symbol', 1, '2026-01-23 03:50:30'),
(249, 41, 14, '2026-01-28', 'X', '', 'symbol', 1, '2026-01-23 03:50:30'),
(250, 41, 14, '2026-01-29', 'X', '', 'symbol', 1, '2026-01-23 03:50:30'),
(251, 41, 14, '2026-01-30', 'X', '', 'symbol', 1, '2026-01-23 03:50:30'),
(252, 41, 14, '2026-01-31', 'X', '', 'symbol', 1, '2026-01-23 03:50:30'),
(253, 44, 14, '2026-01-01', NULL, 'X', 'symbol', 1, '2026-01-23 03:58:16'),
(254, 44, 14, '2026-01-02', NULL, 'X', 'symbol', 1, '2026-01-23 03:58:16'),
(255, 44, 14, '2026-01-03', '', 'X', 'symbol', 1, '2026-01-23 03:58:17'),
(256, 44, 14, '2026-01-04', '', 'X', 'symbol', 1, '2026-01-23 03:58:17'),
(257, 44, 14, '2026-01-05', '', 'X', 'symbol', 1, '2026-01-23 03:58:17'),
(258, 44, 14, '2026-01-06', '', 'X', 'symbol', 1, '2026-01-23 03:58:17'),
(259, 44, 14, '2026-01-07', '', 'X', 'symbol', 1, '2026-01-23 03:58:17'),
(260, 44, 14, '2026-01-08', '', 'X', 'symbol', 1, '2026-01-23 03:58:17'),
(261, 44, 14, '2026-01-09', '', 'X', 'symbol', 1, '2026-01-23 03:58:17'),
(262, 44, 14, '2026-01-10', '', 'X', 'symbol', 1, '2026-01-23 03:58:17'),
(263, 44, 14, '2026-01-11', '', 'X', 'symbol', 1, '2026-01-23 03:58:17'),
(264, 44, 14, '2026-01-12', '', 'X', 'symbol', 1, '2026-01-23 03:58:17'),
(265, 44, 14, '2026-01-13', '', 'X', 'symbol', 1, '2026-01-23 03:58:17'),
(266, 44, 14, '2026-01-14', '', 'X', 'symbol', 1, '2026-01-23 03:58:17'),
(267, 44, 14, '2026-01-15', '', 'X', 'symbol', 1, '2026-01-23 03:58:17'),
(268, 44, 14, '2026-01-16', '', 'X', 'symbol', 1, '2026-01-23 03:58:17'),
(269, 44, 14, '2026-01-17', '', 'X', 'symbol', 1, '2026-01-23 03:58:17'),
(270, 44, 14, '2026-01-18', '', 'X', 'symbol', 1, '2026-01-23 03:58:17'),
(271, 44, 14, '2026-01-19', '', 'X', 'symbol', 1, '2026-01-23 03:58:17'),
(272, 44, 14, '2026-01-20', '', 'X', 'symbol', 1, '2026-01-23 03:58:17'),
(273, 44, 14, '2026-01-21', '', 'X', 'symbol', 1, '2026-01-23 03:58:17'),
(274, 44, 14, '2026-01-22', '', 'X', 'symbol', 1, '2026-01-23 03:58:17'),
(275, 44, 14, '2026-01-23', '', 'X', 'symbol', 1, '2026-01-23 03:58:17'),
(276, 44, 14, '2026-01-24', '', 'X', 'symbol', 1, '2026-01-23 03:58:17'),
(277, 44, 14, '2026-01-25', '', 'X', 'symbol', 1, '2026-01-23 03:58:17'),
(278, 44, 14, '2026-01-26', '', 'X', 'symbol', 1, '2026-01-23 03:58:17'),
(279, 44, 14, '2026-01-27', '', 'X', 'symbol', 1, '2026-01-23 03:58:17'),
(280, 44, 14, '2026-01-28', '', 'X', 'symbol', 1, '2026-01-23 03:58:17'),
(281, 44, 14, '2026-01-29', '', 'X', 'symbol', 1, '2026-01-23 03:58:17'),
(282, 44, 14, '2026-01-30', '', 'X', 'symbol', 1, '2026-01-23 03:58:17'),
(283, 44, 14, '2026-01-31', '', 'X', 'symbol', 1, '2026-01-23 03:58:17'),
(284, 58, 14, '2026-01-01', '', 'X', 'symbol', 1, '2026-01-23 03:58:17'),
(285, 58, 14, '2026-01-02', '', 'X', 'symbol', 1, '2026-01-23 03:58:17'),
(286, 58, 14, '2026-01-03', '', 'X', 'symbol', 1, '2026-01-23 03:58:17'),
(287, 58, 14, '2026-01-04', '', 'X', 'symbol', 1, '2026-01-23 03:58:17'),
(288, 58, 14, '2026-01-05', '', 'X', 'symbol', 1, '2026-01-23 03:58:17'),
(289, 58, 14, '2026-01-06', '', 'X', 'symbol', 1, '2026-01-23 03:58:17'),
(290, 58, 14, '2026-01-07', '', 'X', 'symbol', 1, '2026-01-23 03:58:17'),
(291, 58, 14, '2026-01-08', '', 'X', 'symbol', 1, '2026-01-23 03:58:17'),
(292, 58, 14, '2026-01-09', '', 'X', 'symbol', 1, '2026-01-23 03:58:17'),
(293, 58, 14, '2026-01-10', '', 'X', 'symbol', 1, '2026-01-23 03:58:17'),
(294, 58, 14, '2026-01-11', '', 'X', 'symbol', 1, '2026-01-23 03:58:17'),
(295, 58, 14, '2026-01-12', '', 'X', 'symbol', 1, '2026-01-23 03:58:17'),
(296, 58, 14, '2026-01-13', '', 'X', 'symbol', 1, '2026-01-23 03:58:17'),
(297, 58, 14, '2026-01-14', '', 'X', 'symbol', 1, '2026-01-23 03:58:17'),
(298, 58, 14, '2026-01-15', '', 'X', 'symbol', 1, '2026-01-23 03:58:17'),
(299, 58, 14, '2026-01-16', '', 'X', 'symbol', 1, '2026-01-23 03:58:17'),
(300, 58, 14, '2026-01-17', '', 'X', 'symbol', 1, '2026-01-23 03:58:17'),
(301, 58, 14, '2026-01-18', '', 'X', 'symbol', 1, '2026-01-23 03:58:17'),
(302, 58, 14, '2026-01-19', '', 'X', 'symbol', 1, '2026-01-23 03:58:17'),
(303, 58, 14, '2026-01-20', '', 'X', 'symbol', 1, '2026-01-23 03:58:17'),
(304, 58, 14, '2026-01-21', '', 'X', 'symbol', 1, '2026-01-23 03:58:17'),
(305, 58, 14, '2026-01-22', '', 'X', 'symbol', 1, '2026-01-23 03:58:17'),
(306, 58, 14, '2026-01-23', '', 'X', 'symbol', 1, '2026-01-23 03:58:17'),
(307, 58, 14, '2026-01-24', '', 'X', 'symbol', 1, '2026-01-23 03:58:17'),
(308, 58, 14, '2026-01-25', '', 'X', 'symbol', 1, '2026-01-23 03:58:17'),
(309, 58, 14, '2026-01-26', '', 'X', 'symbol', 1, '2026-01-23 03:58:17'),
(310, 58, 14, '2026-01-27', '', 'X', 'symbol', 1, '2026-01-23 03:58:17'),
(311, 58, 14, '2026-01-28', '', 'X', 'symbol', 1, '2026-01-23 03:58:17'),
(312, 58, 14, '2026-01-29', '', 'X', 'symbol', 1, '2026-01-23 03:58:17'),
(313, 58, 14, '2026-01-30', '', 'X', 'symbol', 1, '2026-01-23 03:58:17'),
(314, 58, 14, '2026-01-31', '', 'X', 'symbol', 1, '2026-01-23 03:58:17'),
(315, 40, 14, '2026-01-01', '', 'X', 'symbol', 1, '2026-01-23 03:58:17'),
(316, 40, 14, '2026-01-02', '', 'X', 'symbol', 1, '2026-01-23 03:58:17'),
(317, 40, 14, '2026-01-03', '', 'X', 'symbol', 1, '2026-01-23 03:58:17'),
(318, 40, 14, '2026-01-04', '', 'X', 'symbol', 1, '2026-01-23 03:58:17'),
(319, 40, 14, '2026-01-05', '', 'X', 'symbol', 1, '2026-01-23 03:58:17'),
(320, 40, 14, '2026-01-06', '', 'X', 'symbol', 1, '2026-01-23 03:58:17'),
(321, 40, 14, '2026-01-07', '', 'X', 'symbol', 1, '2026-01-23 03:58:17'),
(322, 40, 14, '2026-01-08', '', 'X', 'symbol', 1, '2026-01-23 03:58:17'),
(323, 40, 14, '2026-01-09', '', 'X', 'symbol', 1, '2026-01-23 03:58:17'),
(324, 40, 14, '2026-01-10', '', 'X', 'symbol', 1, '2026-01-23 03:58:17'),
(325, 40, 14, '2026-01-11', '', 'X', 'symbol', 1, '2026-01-23 03:58:17'),
(326, 40, 14, '2026-01-12', '', 'X', 'symbol', 1, '2026-01-23 03:58:17'),
(327, 40, 14, '2026-01-13', '', 'X', 'symbol', 1, '2026-01-23 03:58:17'),
(328, 40, 14, '2026-01-14', '', 'X', 'symbol', 1, '2026-01-23 03:58:17'),
(329, 40, 14, '2026-01-15', '', 'X', 'symbol', 1, '2026-01-23 03:58:17'),
(330, 40, 14, '2026-01-16', '', 'X', 'symbol', 1, '2026-01-23 03:58:17'),
(331, 40, 14, '2026-01-17', '', 'X', 'symbol', 1, '2026-01-23 03:58:17'),
(332, 40, 14, '2026-01-18', '', 'X', 'symbol', 1, '2026-01-23 03:58:17'),
(333, 40, 14, '2026-01-19', '', 'X', 'symbol', 1, '2026-01-23 03:58:17'),
(334, 40, 14, '2026-01-20', '', 'X', 'symbol', 1, '2026-01-23 03:58:17'),
(335, 40, 14, '2026-01-21', '', 'X', 'symbol', 1, '2026-01-23 03:58:17'),
(336, 40, 14, '2026-01-22', '', 'X', 'symbol', 1, '2026-01-23 03:58:17'),
(337, 40, 14, '2026-01-23', '', 'X', 'symbol', 1, '2026-01-23 03:58:17'),
(338, 40, 14, '2026-01-24', '', 'X', 'symbol', 1, '2026-01-23 03:58:17'),
(339, 40, 14, '2026-01-25', '', 'X', 'symbol', 1, '2026-01-23 03:58:17'),
(340, 40, 14, '2026-01-26', '', 'X', 'symbol', 1, '2026-01-23 03:58:17'),
(341, 40, 14, '2026-01-27', '', 'X', 'symbol', 1, '2026-01-23 03:58:17'),
(342, 40, 14, '2026-01-28', '', 'X', 'symbol', 1, '2026-01-23 03:58:17'),
(343, 40, 14, '2026-01-29', '', 'X', 'symbol', 1, '2026-01-23 03:58:17'),
(344, 40, 14, '2026-01-30', '', 'X', 'symbol', 1, '2026-01-23 03:58:17'),
(345, 40, 14, '2026-01-31', '', 'X', 'symbol', 1, '2026-01-23 03:58:17'),
(346, 36, 14, '2026-01-01', '', 'X', 'symbol', 1, '2026-01-23 03:58:17'),
(347, 36, 14, '2026-01-02', '', 'X', 'symbol', 1, '2026-01-23 03:58:17'),
(348, 36, 14, '2026-01-03', '', 'X', 'symbol', 1, '2026-01-23 03:58:17'),
(349, 36, 14, '2026-01-04', '', 'X', 'symbol', 1, '2026-01-23 03:58:17'),
(350, 36, 14, '2026-01-05', '', 'X', 'symbol', 1, '2026-01-23 03:58:17'),
(351, 36, 14, '2026-01-06', '', 'X', 'symbol', 1, '2026-01-23 03:58:17'),
(352, 36, 14, '2026-01-07', '', 'X', 'symbol', 1, '2026-01-23 03:58:17'),
(353, 36, 14, '2026-01-08', '', 'X', 'symbol', 1, '2026-01-23 03:58:17'),
(354, 36, 14, '2026-01-09', '', 'X', 'symbol', 1, '2026-01-23 03:58:17'),
(355, 36, 14, '2026-01-10', '', 'X', 'symbol', 1, '2026-01-23 03:58:17'),
(356, 36, 14, '2026-01-11', '', 'X', 'symbol', 1, '2026-01-23 03:58:17'),
(357, 36, 14, '2026-01-12', '', 'X', 'symbol', 1, '2026-01-23 03:58:17'),
(358, 36, 14, '2026-01-13', '', 'X', 'symbol', 1, '2026-01-23 03:58:17'),
(359, 36, 14, '2026-01-14', '', 'X', 'symbol', 1, '2026-01-23 03:58:17'),
(360, 36, 14, '2026-01-15', '', 'X', 'symbol', 1, '2026-01-23 03:58:17'),
(361, 36, 14, '2026-01-16', '', 'X', 'symbol', 1, '2026-01-23 03:58:17'),
(362, 36, 14, '2026-01-17', '', 'X', 'symbol', 1, '2026-01-23 03:58:17'),
(363, 36, 14, '2026-01-18', '', 'X', 'symbol', 1, '2026-01-23 03:58:17'),
(364, 36, 14, '2026-01-19', '', 'X', 'symbol', 1, '2026-01-23 03:58:17'),
(365, 36, 14, '2026-01-20', '', 'X', 'symbol', 1, '2026-01-23 03:58:17'),
(366, 36, 14, '2026-01-21', '', 'X', 'symbol', 1, '2026-01-23 03:58:17'),
(367, 36, 14, '2026-01-22', '', 'X', 'symbol', 1, '2026-01-23 03:58:17'),
(368, 36, 14, '2026-01-23', '', 'X', 'symbol', 1, '2026-01-23 03:58:17'),
(369, 36, 14, '2026-01-24', '', 'X', 'symbol', 1, '2026-01-23 03:58:17'),
(370, 36, 14, '2026-01-25', '', 'X', 'symbol', 1, '2026-01-23 03:58:17'),
(371, 36, 14, '2026-01-26', '', 'X', 'symbol', 1, '2026-01-23 03:58:17'),
(372, 36, 14, '2026-01-27', '', 'X', 'symbol', 1, '2026-01-23 03:58:17'),
(373, 36, 14, '2026-01-28', '', 'X', 'symbol', 1, '2026-01-23 03:58:17'),
(374, 36, 14, '2026-01-29', '', 'X', 'symbol', 1, '2026-01-23 03:58:17'),
(375, 36, 14, '2026-01-30', '', 'X', 'symbol', 1, '2026-01-23 03:58:17'),
(376, 36, 14, '2026-01-31', '', 'X', 'symbol', 1, '2026-01-23 03:58:17'),
(377, 37, 14, '2026-01-01', '', 'X', 'symbol', 1, '2026-01-23 03:58:17'),
(378, 37, 14, '2026-01-02', '', 'X', 'symbol', 1, '2026-01-23 03:58:17'),
(379, 37, 14, '2026-01-03', '', 'X', 'symbol', 1, '2026-01-23 03:58:17'),
(380, 37, 14, '2026-01-04', '', 'X', 'symbol', 1, '2026-01-23 03:58:17'),
(381, 37, 14, '2026-01-05', '', 'X', 'symbol', 1, '2026-01-23 03:58:17'),
(382, 37, 14, '2026-01-06', '', 'X', 'symbol', 1, '2026-01-23 03:58:17'),
(383, 37, 14, '2026-01-07', '', 'X', 'symbol', 1, '2026-01-23 03:58:17'),
(384, 37, 14, '2026-01-08', '', 'X', 'symbol', 1, '2026-01-23 03:58:17'),
(385, 37, 14, '2026-01-09', '', 'X', 'symbol', 1, '2026-01-23 03:58:17'),
(386, 37, 14, '2026-01-10', '', 'X', 'symbol', 1, '2026-01-23 03:58:17'),
(387, 37, 14, '2026-01-11', '', 'X', 'symbol', 1, '2026-01-23 03:58:17'),
(388, 37, 14, '2026-01-12', '', 'X', 'symbol', 1, '2026-01-23 03:58:17'),
(389, 37, 14, '2026-01-13', '', 'X', 'symbol', 1, '2026-01-23 03:58:17'),
(390, 37, 14, '2026-01-14', '', 'X', 'symbol', 1, '2026-01-23 03:58:17'),
(391, 37, 14, '2026-01-15', '', 'X', 'symbol', 1, '2026-01-23 03:58:17'),
(392, 37, 14, '2026-01-16', '', 'X', 'symbol', 1, '2026-01-23 03:58:17'),
(393, 37, 14, '2026-01-17', '', 'X', 'symbol', 1, '2026-01-23 03:58:17'),
(394, 37, 14, '2026-01-18', '', 'X', 'symbol', 1, '2026-01-23 03:58:17'),
(395, 37, 14, '2026-01-19', '', 'X', 'symbol', 1, '2026-01-23 03:58:17'),
(396, 37, 14, '2026-01-20', '', 'X', 'symbol', 1, '2026-01-23 03:58:17'),
(397, 37, 14, '2026-01-21', '', 'X', 'symbol', 1, '2026-01-23 03:58:17'),
(398, 37, 14, '2026-01-22', '', 'X', 'symbol', 1, '2026-01-23 03:58:17'),
(399, 37, 14, '2026-01-23', '', 'X', 'symbol', 1, '2026-01-23 03:58:17'),
(400, 37, 14, '2026-01-24', '', 'X', 'symbol', 1, '2026-01-23 03:58:17'),
(401, 37, 14, '2026-01-25', '', 'X', 'symbol', 1, '2026-01-23 03:58:17'),
(402, 37, 14, '2026-01-26', '', 'X', 'symbol', 1, '2026-01-23 03:58:17'),
(403, 37, 14, '2026-01-27', '', 'X', 'symbol', 1, '2026-01-23 03:58:17'),
(404, 37, 14, '2026-01-28', '', 'X', 'symbol', 1, '2026-01-23 03:58:17'),
(405, 37, 14, '2026-01-29', '', 'X', 'symbol', 1, '2026-01-23 03:58:17'),
(406, 37, 14, '2026-01-30', '', 'X', 'symbol', 1, '2026-01-23 03:58:17'),
(407, 37, 14, '2026-01-31', '', 'X', 'symbol', 1, '2026-01-23 03:58:17'),
(408, 38, 14, '2026-01-01', '', 'X', 'symbol', 1, '2026-01-23 03:58:17'),
(409, 38, 14, '2026-01-02', '', 'X', 'symbol', 1, '2026-01-23 03:58:17'),
(410, 38, 14, '2026-01-03', '', 'X', 'symbol', 1, '2026-01-23 03:58:17'),
(411, 38, 14, '2026-01-04', '', 'X', 'symbol', 1, '2026-01-23 03:58:17'),
(412, 38, 14, '2026-01-05', '', 'X', 'symbol', 1, '2026-01-23 03:58:17'),
(413, 38, 14, '2026-01-06', '', 'X', 'symbol', 1, '2026-01-23 03:58:17'),
(414, 38, 14, '2026-01-07', '', 'X', 'symbol', 1, '2026-01-23 03:58:17'),
(415, 38, 14, '2026-01-08', '', 'X', 'symbol', 1, '2026-01-23 03:58:18'),
(416, 38, 14, '2026-01-09', '', 'X', 'symbol', 1, '2026-01-23 03:58:18'),
(417, 38, 14, '2026-01-10', '', 'X', 'symbol', 1, '2026-01-23 03:58:18'),
(418, 38, 14, '2026-01-11', '', 'X', 'symbol', 1, '2026-01-23 03:58:18'),
(419, 38, 14, '2026-01-12', '', 'X', 'symbol', 1, '2026-01-23 03:58:18'),
(420, 38, 14, '2026-01-13', '', 'X', 'symbol', 1, '2026-01-23 03:58:18'),
(421, 38, 14, '2026-01-14', '', 'X', 'symbol', 1, '2026-01-23 03:58:18'),
(422, 38, 14, '2026-01-15', '', 'X', 'symbol', 1, '2026-01-23 03:58:18'),
(423, 38, 14, '2026-01-16', '', 'X', 'symbol', 1, '2026-01-23 03:58:18'),
(424, 38, 14, '2026-01-17', '', 'X', 'symbol', 1, '2026-01-23 03:58:18'),
(425, 38, 14, '2026-01-18', '', 'X', 'symbol', 1, '2026-01-23 03:58:18'),
(426, 38, 14, '2026-01-19', '', 'X', 'symbol', 1, '2026-01-23 03:58:18'),
(427, 38, 14, '2026-01-20', '', 'X', 'symbol', 1, '2026-01-23 03:58:18'),
(428, 38, 14, '2026-01-21', '', 'X', 'symbol', 1, '2026-01-23 03:58:18'),
(429, 38, 14, '2026-01-22', '', 'X', 'symbol', 1, '2026-01-23 03:58:18'),
(430, 38, 14, '2026-01-23', '', 'X', 'symbol', 1, '2026-01-23 03:58:18'),
(431, 38, 14, '2026-01-24', '', 'X', 'symbol', 1, '2026-01-23 03:58:18'),
(432, 38, 14, '2026-01-25', '', 'X', 'symbol', 1, '2026-01-23 03:58:18'),
(433, 38, 14, '2026-01-26', '', 'X', 'symbol', 1, '2026-01-23 03:58:18'),
(434, 38, 14, '2026-01-27', '', 'X', 'symbol', 1, '2026-01-23 03:58:18'),
(435, 38, 14, '2026-01-28', '', 'X', 'symbol', 1, '2026-01-23 03:58:18'),
(436, 38, 14, '2026-01-29', '', 'X', 'symbol', 1, '2026-01-23 03:58:18'),
(437, 38, 14, '2026-01-30', '', 'X', 'symbol', 1, '2026-01-23 03:58:18'),
(438, 38, 14, '2026-01-31', '', 'X', 'symbol', 1, '2026-01-23 03:58:18'),
(439, 39, 14, '2026-01-01', '', 'X', 'symbol', 1, '2026-01-23 03:58:18'),
(440, 39, 14, '2026-01-02', '', 'X', 'symbol', 1, '2026-01-23 03:58:18'),
(441, 39, 14, '2026-01-03', '', 'X', 'symbol', 1, '2026-01-23 03:58:18'),
(442, 39, 14, '2026-01-04', '', 'X', 'symbol', 1, '2026-01-23 03:58:18'),
(443, 39, 14, '2026-01-05', '', 'X', 'symbol', 1, '2026-01-23 03:58:18'),
(444, 39, 14, '2026-01-06', '', 'X', 'symbol', 1, '2026-01-23 03:58:18'),
(445, 39, 14, '2026-01-07', '', 'X', 'symbol', 1, '2026-01-23 03:58:18'),
(446, 39, 14, '2026-01-08', '', 'X', 'symbol', 1, '2026-01-23 03:58:18'),
(447, 39, 14, '2026-01-09', '', 'X', 'symbol', 1, '2026-01-23 03:58:18'),
(448, 39, 14, '2026-01-10', '', 'X', 'symbol', 1, '2026-01-23 03:58:18'),
(449, 39, 14, '2026-01-11', '', 'X', 'symbol', 1, '2026-01-23 03:58:18'),
(450, 39, 14, '2026-01-12', '', 'X', 'symbol', 1, '2026-01-23 03:58:18'),
(451, 39, 14, '2026-01-13', '', 'X', 'symbol', 1, '2026-01-23 03:58:18'),
(452, 39, 14, '2026-01-14', '', 'X', 'symbol', 1, '2026-01-23 03:58:18'),
(453, 39, 14, '2026-01-15', '', 'X', 'symbol', 1, '2026-01-23 03:58:18'),
(454, 39, 14, '2026-01-16', '', 'X', 'symbol', 1, '2026-01-23 03:58:18'),
(455, 39, 14, '2026-01-17', '', 'X', 'symbol', 1, '2026-01-23 03:58:18'),
(456, 39, 14, '2026-01-18', '', 'X', 'symbol', 1, '2026-01-23 03:58:18'),
(457, 39, 14, '2026-01-19', '', 'X', 'symbol', 1, '2026-01-23 03:58:18'),
(458, 39, 14, '2026-01-20', '', 'X', 'symbol', 1, '2026-01-23 03:58:18'),
(459, 39, 14, '2026-01-21', '', 'X', 'symbol', 1, '2026-01-23 03:58:18'),
(460, 39, 14, '2026-01-22', '', 'X', 'symbol', 1, '2026-01-23 03:58:18'),
(461, 39, 14, '2026-01-23', '', 'X', 'symbol', 1, '2026-01-23 03:58:18'),
(462, 39, 14, '2026-01-24', '', 'X', 'symbol', 1, '2026-01-23 03:58:18'),
(463, 39, 14, '2026-01-25', '', 'X', 'symbol', 1, '2026-01-23 03:58:18'),
(464, 39, 14, '2026-01-26', '', 'X', 'symbol', 1, '2026-01-23 03:58:18'),
(465, 39, 14, '2026-01-27', '', 'X', 'symbol', 1, '2026-01-23 03:58:18'),
(466, 39, 14, '2026-01-28', '', 'X', 'symbol', 1, '2026-01-23 03:58:18'),
(467, 39, 14, '2026-01-29', '', 'X', 'symbol', 1, '2026-01-23 03:58:18'),
(468, 39, 14, '2026-01-30', '', 'X', 'symbol', 1, '2026-01-23 03:58:18'),
(469, 39, 14, '2026-01-31', '', 'X', 'symbol', 1, '2026-01-23 03:58:18'),
(470, 41, 14, '2026-01-01', '', 'X', 'symbol', 1, '2026-01-23 03:58:18'),
(471, 41, 14, '2026-01-02', '', 'X', 'symbol', 1, '2026-01-23 03:58:18'),
(472, 41, 14, '2026-01-03', '', 'X', 'symbol', 1, '2026-01-23 03:58:18'),
(473, 41, 14, '2026-01-04', '', 'X', 'symbol', 1, '2026-01-23 03:58:18'),
(474, 41, 14, '2026-01-05', '', 'X', 'symbol', 1, '2026-01-23 03:58:18'),
(475, 41, 14, '2026-01-06', '', 'X', 'symbol', 1, '2026-01-23 03:58:18'),
(476, 41, 14, '2026-01-07', '', 'X', 'symbol', 1, '2026-01-23 03:58:18'),
(477, 41, 14, '2026-01-08', '', 'X', 'symbol', 1, '2026-01-23 03:58:18'),
(478, 41, 14, '2026-01-09', '', 'X', 'symbol', 1, '2026-01-23 03:58:18'),
(479, 41, 14, '2026-01-10', '', 'X', 'symbol', 1, '2026-01-23 03:58:18'),
(480, 41, 14, '2026-01-11', '', 'X', 'symbol', 1, '2026-01-23 03:58:18'),
(481, 41, 14, '2026-01-12', '', 'X', 'symbol', 1, '2026-01-23 03:58:18'),
(482, 41, 14, '2026-01-13', '', 'X', 'symbol', 1, '2026-01-23 03:58:18'),
(483, 41, 14, '2026-01-14', '', 'X', 'symbol', 1, '2026-01-23 03:58:18'),
(484, 41, 14, '2026-01-15', NULL, 'X', 'symbol', 1, '2026-01-23 03:58:18'),
(485, 41, 14, '2026-01-16', NULL, 'X', 'symbol', 1, '2026-01-23 03:58:18'),
(486, 41, 14, '2026-01-17', NULL, 'X', 'symbol', 1, '2026-01-23 03:58:18'),
(487, 41, 14, '2026-01-18', '', 'X', 'symbol', 1, '2026-01-23 03:58:18'),
(488, 41, 14, '2026-01-19', NULL, 'X', 'symbol', 1, '2026-01-23 03:58:18'),
(489, 41, 14, '2026-01-20', NULL, 'X', 'symbol', 1, '2026-01-23 03:58:18'),
(490, 41, 14, '2026-01-21', NULL, 'X', 'symbol', 1, '2026-01-23 03:58:18'),
(491, 41, 14, '2026-01-22', NULL, 'X', 'symbol', 1, '2026-01-23 03:58:18'),
(492, 41, 14, '2026-01-23', NULL, 'X', 'symbol', 1, '2026-01-23 03:58:18'),
(493, 41, 14, '2026-01-24', NULL, 'X', 'symbol', 1, '2026-01-23 03:58:18'),
(494, 41, 14, '2026-01-25', '', 'X', 'symbol', 1, '2026-01-23 03:58:18'),
(495, 41, 14, '2026-01-26', NULL, 'X', 'symbol', 1, '2026-01-23 03:58:18'),
(496, 41, 14, '2026-01-27', NULL, 'X', 'symbol', 1, '2026-01-23 03:58:18'),
(497, 41, 14, '2026-01-28', NULL, 'X', 'symbol', 1, '2026-01-23 03:58:18'),
(498, 41, 14, '2026-01-29', NULL, 'X', 'symbol', 1, '2026-01-23 03:58:18'),
(499, 41, 14, '2026-01-30', NULL, 'X', 'symbol', 1, '2026-01-23 03:58:18'),
(500, 41, 14, '2026-01-31', NULL, 'X', 'symbol', 1, '2026-01-23 03:58:18'),
(501, 42, 14, '2026-01-01', '', 'X', 'symbol', 1, '2026-01-23 03:58:18'),
(502, 42, 14, '2026-01-02', '', 'X', 'symbol', 1, '2026-01-23 03:58:18'),
(503, 42, 14, '2026-01-03', '', 'X', 'symbol', 1, '2026-01-23 03:58:18'),
(504, 42, 14, '2026-01-04', '', 'X', 'symbol', 1, '2026-01-23 03:58:18'),
(505, 42, 14, '2026-01-05', '', 'X', 'symbol', 1, '2026-01-23 03:58:18'),
(506, 42, 14, '2026-01-06', '', 'X', 'symbol', 1, '2026-01-23 03:58:18'),
(507, 42, 14, '2026-01-07', '', 'X', 'symbol', 1, '2026-01-23 03:58:18'),
(508, 42, 14, '2026-01-08', '', 'X', 'symbol', 1, '2026-01-23 03:58:18'),
(509, 42, 14, '2026-01-09', '', 'X', 'symbol', 1, '2026-01-23 03:58:18'),
(510, 42, 14, '2026-01-10', '', 'X', 'symbol', 1, '2026-01-23 03:58:18'),
(511, 42, 14, '2026-01-11', '', 'X', 'symbol', 1, '2026-01-23 03:58:18'),
(512, 42, 14, '2026-01-12', '', 'X', 'symbol', 1, '2026-01-23 03:58:18'),
(513, 42, 14, '2026-01-13', '', 'X', 'symbol', 1, '2026-01-23 03:58:18'),
(514, 42, 14, '2026-01-14', '', 'X', 'symbol', 1, '2026-01-23 03:58:18'),
(515, 42, 14, '2026-01-15', '', 'X', 'symbol', 1, '2026-01-23 03:58:18'),
(516, 42, 14, '2026-01-16', '', 'X', 'symbol', 1, '2026-01-23 03:58:18'),
(517, 42, 14, '2026-01-17', '', 'X', 'symbol', 1, '2026-01-23 03:58:18'),
(518, 42, 14, '2026-01-18', '', 'X', 'symbol', 1, '2026-01-23 03:58:18'),
(519, 42, 14, '2026-01-19', '', 'X', 'symbol', 1, '2026-01-23 03:58:18'),
(520, 42, 14, '2026-01-20', '', 'X', 'symbol', 1, '2026-01-23 03:58:18'),
(521, 42, 14, '2026-01-21', '', 'X', 'symbol', 1, '2026-01-23 03:58:18'),
(522, 42, 14, '2026-01-22', '', 'X', 'symbol', 1, '2026-01-23 03:58:18'),
(523, 42, 14, '2026-01-23', '', 'X', 'symbol', 1, '2026-01-23 03:58:18'),
(524, 42, 14, '2026-01-24', '', 'X', 'symbol', 1, '2026-01-23 03:58:18'),
(525, 42, 14, '2026-01-25', '', 'X', 'symbol', 1, '2026-01-23 03:58:18'),
(526, 42, 14, '2026-01-26', '', 'X', 'symbol', 1, '2026-01-23 03:58:18'),
(527, 42, 14, '2026-01-27', '', 'X', 'symbol', 1, '2026-01-23 03:58:18'),
(528, 42, 14, '2026-01-28', '', 'X', 'symbol', 1, '2026-01-23 03:58:18'),
(529, 42, 14, '2026-01-29', '', 'X', 'symbol', 1, '2026-01-23 03:58:18'),
(530, 42, 14, '2026-01-30', '', 'X', 'symbol', 1, '2026-01-23 03:58:18'),
(531, 42, 14, '2026-01-31', '', 'X', 'symbol', 1, '2026-01-23 03:58:18'),
(532, 43, 14, '2026-01-01', '', 'X', 'symbol', 1, '2026-01-23 03:58:18'),
(533, 43, 14, '2026-01-02', '', 'X', 'symbol', 1, '2026-01-23 03:58:18'),
(534, 43, 14, '2026-01-03', '', 'X', 'symbol', 1, '2026-01-23 03:58:18'),
(535, 43, 14, '2026-01-04', '', 'X', 'symbol', 1, '2026-01-23 03:58:18'),
(536, 43, 14, '2026-01-05', '', 'X', 'symbol', 1, '2026-01-23 03:58:18'),
(537, 43, 14, '2026-01-06', '', 'X', 'symbol', 1, '2026-01-23 03:58:18'),
(538, 43, 14, '2026-01-07', '', 'X', 'symbol', 1, '2026-01-23 03:58:18'),
(539, 43, 14, '2026-01-08', '', 'X', 'symbol', 1, '2026-01-23 03:58:18'),
(540, 43, 14, '2026-01-09', '', 'X', 'symbol', 1, '2026-01-23 03:58:18'),
(541, 43, 14, '2026-01-10', '', 'X', 'symbol', 1, '2026-01-23 03:58:18'),
(542, 43, 14, '2026-01-11', '', 'X', 'symbol', 1, '2026-01-23 03:58:18'),
(543, 43, 14, '2026-01-12', '', 'X', 'symbol', 1, '2026-01-23 03:58:18'),
(544, 43, 14, '2026-01-13', '', 'X', 'symbol', 1, '2026-01-23 03:58:18'),
(545, 43, 14, '2026-01-14', '', 'X', 'symbol', 1, '2026-01-23 03:58:18'),
(546, 43, 14, '2026-01-15', '', 'X', 'symbol', 1, '2026-01-23 03:58:18'),
(547, 43, 14, '2026-01-16', '', 'X', 'symbol', 1, '2026-01-23 03:58:18'),
(548, 43, 14, '2026-01-17', '', 'X', 'symbol', 1, '2026-01-23 03:58:18'),
(549, 43, 14, '2026-01-18', '', 'X', 'symbol', 1, '2026-01-23 03:58:18'),
(550, 43, 14, '2026-01-19', '', 'X', 'symbol', 1, '2026-01-23 03:58:18'),
(551, 43, 14, '2026-01-20', '', 'X', 'symbol', 1, '2026-01-23 03:58:18'),
(552, 43, 14, '2026-01-21', '', 'X', 'symbol', 1, '2026-01-23 03:58:18'),
(553, 43, 14, '2026-01-22', '', 'X', 'symbol', 1, '2026-01-23 03:58:18'),
(554, 43, 14, '2026-01-23', '', 'X', 'symbol', 1, '2026-01-23 03:58:18'),
(555, 43, 14, '2026-01-24', '', 'X', 'symbol', 1, '2026-01-23 03:58:18'),
(556, 43, 14, '2026-01-25', '', 'X', 'symbol', 1, '2026-01-23 03:58:18'),
(557, 43, 14, '2026-01-26', '', 'X', 'symbol', 1, '2026-01-23 03:58:18'),
(558, 43, 14, '2026-01-27', '', 'X', 'symbol', 1, '2026-01-23 03:58:18'),
(559, 43, 14, '2026-01-28', '', 'X', 'symbol', 1, '2026-01-23 03:58:18'),
(560, 43, 14, '2026-01-29', '', 'X', 'symbol', 1, '2026-01-23 03:58:18'),
(561, 43, 14, '2026-01-30', '', 'X', 'symbol', 1, '2026-01-23 03:58:18'),
(562, 43, 14, '2026-01-31', '', 'X', 'symbol', 1, '2026-01-23 03:58:18'),
(563, 45, 14, '2026-01-01', '', 'X', 'symbol', 1, '2026-01-23 03:58:18'),
(564, 45, 14, '2026-01-02', '', 'X', 'symbol', 1, '2026-01-23 03:58:18'),
(565, 45, 14, '2026-01-03', '', 'X', 'symbol', 1, '2026-01-23 03:58:18'),
(566, 45, 14, '2026-01-04', '', 'X', 'symbol', 1, '2026-01-23 03:58:18'),
(567, 45, 14, '2026-01-05', '', 'X', 'symbol', 1, '2026-01-23 03:58:18'),
(568, 45, 14, '2026-01-06', '', 'X', 'symbol', 1, '2026-01-23 03:58:18'),
(569, 45, 14, '2026-01-07', '', 'X', 'symbol', 1, '2026-01-23 03:58:18'),
(570, 45, 14, '2026-01-08', '', 'X', 'symbol', 1, '2026-01-23 03:58:18'),
(571, 45, 14, '2026-01-09', '', 'X', 'symbol', 1, '2026-01-23 03:58:18'),
(572, 45, 14, '2026-01-10', '', 'X', 'symbol', 1, '2026-01-23 03:58:18'),
(573, 45, 14, '2026-01-11', '', 'X', 'symbol', 1, '2026-01-23 03:58:19'),
(574, 45, 14, '2026-01-12', '', 'X', 'symbol', 1, '2026-01-23 03:58:19'),
(575, 45, 14, '2026-01-13', '', 'X', 'symbol', 1, '2026-01-23 03:58:19'),
(576, 45, 14, '2026-01-14', '', 'X', 'symbol', 1, '2026-01-23 03:58:19'),
(577, 45, 14, '2026-01-15', '', 'X', 'symbol', 1, '2026-01-23 03:58:19'),
(578, 45, 14, '2026-01-16', '', 'X', 'symbol', 1, '2026-01-23 03:58:19'),
(579, 45, 14, '2026-01-17', '', 'X', 'symbol', 1, '2026-01-23 03:58:19'),
(580, 45, 14, '2026-01-18', '', 'X', 'symbol', 1, '2026-01-23 03:58:19'),
(581, 45, 14, '2026-01-19', '', 'X', 'symbol', 1, '2026-01-23 03:58:19'),
(582, 45, 14, '2026-01-20', '', 'X', 'symbol', 1, '2026-01-23 03:58:19'),
(583, 45, 14, '2026-01-21', '', 'X', 'symbol', 1, '2026-01-23 03:58:19'),
(584, 45, 14, '2026-01-22', '', 'X', 'symbol', 1, '2026-01-23 03:58:19'),
(585, 45, 14, '2026-01-23', '', 'X', 'symbol', 1, '2026-01-23 03:58:19'),
(586, 45, 14, '2026-01-24', '', 'X', 'symbol', 1, '2026-01-23 03:58:19'),
(587, 45, 14, '2026-01-25', '', 'X', 'symbol', 1, '2026-01-23 03:58:19'),
(588, 45, 14, '2026-01-26', '', 'X', 'symbol', 1, '2026-01-23 03:58:19'),
(589, 45, 14, '2026-01-27', '', 'X', 'symbol', 1, '2026-01-23 03:58:19'),
(590, 45, 14, '2026-01-28', '', 'X', 'symbol', 1, '2026-01-23 03:58:19'),
(591, 45, 14, '2026-01-29', '', 'X', 'symbol', 1, '2026-01-23 03:58:19'),
(592, 45, 14, '2026-01-30', '', 'X', 'symbol', 1, '2026-01-23 03:58:19'),
(593, 45, 14, '2026-01-31', '', 'X', 'symbol', 1, '2026-01-23 03:58:19'),
(594, 46, 14, '2026-01-01', '', 'X', 'symbol', 1, '2026-01-23 03:58:19'),
(595, 46, 14, '2026-01-02', '', 'X', 'symbol', 1, '2026-01-23 03:58:19'),
(596, 46, 14, '2026-01-03', '', 'X', 'symbol', 1, '2026-01-23 03:58:19'),
(597, 46, 14, '2026-01-04', '', 'X', 'symbol', 1, '2026-01-23 03:58:19'),
(598, 46, 14, '2026-01-05', '', 'X', 'symbol', 1, '2026-01-23 03:58:19'),
(599, 46, 14, '2026-01-06', '', 'X', 'symbol', 1, '2026-01-23 03:58:19'),
(600, 46, 14, '2026-01-07', '', 'X', 'symbol', 1, '2026-01-23 03:58:19'),
(601, 46, 14, '2026-01-08', '', 'X', 'symbol', 1, '2026-01-23 03:58:19'),
(602, 46, 14, '2026-01-09', '', 'X', 'symbol', 1, '2026-01-23 03:58:19'),
(603, 46, 14, '2026-01-10', '', 'X', 'symbol', 1, '2026-01-23 03:58:19'),
(604, 46, 14, '2026-01-11', '', 'X', 'symbol', 1, '2026-01-23 03:58:19'),
(605, 46, 14, '2026-01-12', '', 'X', 'symbol', 1, '2026-01-23 03:58:19'),
(606, 46, 14, '2026-01-13', '', 'X', 'symbol', 1, '2026-01-23 03:58:19'),
(607, 46, 14, '2026-01-14', '', 'X', 'symbol', 1, '2026-01-23 03:58:19'),
(608, 46, 14, '2026-01-15', '', 'X', 'symbol', 1, '2026-01-23 03:58:19'),
(609, 46, 14, '2026-01-16', '', 'X', 'symbol', 1, '2026-01-23 03:58:19'),
(610, 46, 14, '2026-01-17', '', 'X', 'symbol', 1, '2026-01-23 03:58:19'),
(611, 46, 14, '2026-01-18', '', 'X', 'symbol', 1, '2026-01-23 03:58:19'),
(612, 46, 14, '2026-01-19', '', 'X', 'symbol', 1, '2026-01-23 03:58:19'),
(613, 46, 14, '2026-01-20', '', 'X', 'symbol', 1, '2026-01-23 03:58:19'),
(614, 46, 14, '2026-01-21', '', 'X', 'symbol', 1, '2026-01-23 03:58:19'),
(615, 46, 14, '2026-01-22', '', 'X', 'symbol', 1, '2026-01-23 03:58:19'),
(616, 46, 14, '2026-01-23', '', 'X', 'symbol', 1, '2026-01-23 03:58:19'),
(617, 46, 14, '2026-01-24', '', 'X', 'symbol', 1, '2026-01-23 03:58:19'),
(618, 46, 14, '2026-01-25', '', 'X', 'symbol', 1, '2026-01-23 03:58:19'),
(619, 46, 14, '2026-01-26', '', 'X', 'symbol', 1, '2026-01-23 03:58:19'),
(620, 46, 14, '2026-01-27', '', 'X', 'symbol', 1, '2026-01-23 03:58:19'),
(621, 46, 14, '2026-01-28', '', 'X', 'symbol', 1, '2026-01-23 03:58:19'),
(622, 46, 14, '2026-01-29', '', 'X', 'symbol', 1, '2026-01-23 03:58:19'),
(623, 46, 14, '2026-01-30', '', 'X', 'symbol', 1, '2026-01-23 03:58:19'),
(624, 46, 14, '2026-01-31', '', 'X', 'symbol', 1, '2026-01-23 03:58:19'),
(625, 47, 14, '2026-01-01', '', 'X', 'symbol', 1, '2026-01-23 03:58:19'),
(626, 47, 14, '2026-01-02', '', 'X', 'symbol', 1, '2026-01-23 03:58:19'),
(627, 47, 14, '2026-01-03', '', 'X', 'symbol', 1, '2026-01-23 03:58:19'),
(628, 47, 14, '2026-01-04', '', 'X', 'symbol', 1, '2026-01-23 03:58:19'),
(629, 47, 14, '2026-01-05', '', 'X', 'symbol', 1, '2026-01-23 03:58:19'),
(630, 47, 14, '2026-01-06', '', 'X', 'symbol', 1, '2026-01-23 03:58:19'),
(631, 47, 14, '2026-01-07', '', 'X', 'symbol', 1, '2026-01-23 03:58:19'),
(632, 47, 14, '2026-01-08', '', 'X', 'symbol', 1, '2026-01-23 03:58:19'),
(633, 47, 14, '2026-01-09', '', 'X', 'symbol', 1, '2026-01-23 03:58:19'),
(634, 47, 14, '2026-01-10', '', 'X', 'symbol', 1, '2026-01-23 03:58:19'),
(635, 47, 14, '2026-01-11', '', 'X', 'symbol', 1, '2026-01-23 03:58:19'),
(636, 47, 14, '2026-01-12', '', 'X', 'symbol', 1, '2026-01-23 03:58:19'),
(637, 47, 14, '2026-01-13', '', 'X', 'symbol', 1, '2026-01-23 03:58:19'),
(638, 47, 14, '2026-01-14', '', 'X', 'symbol', 1, '2026-01-23 03:58:19'),
(639, 47, 14, '2026-01-15', '', 'X', 'symbol', 1, '2026-01-23 03:58:19'),
(640, 47, 14, '2026-01-16', '', 'X', 'symbol', 1, '2026-01-23 03:58:19'),
(641, 47, 14, '2026-01-17', '', 'X', 'symbol', 1, '2026-01-23 03:58:19'),
(642, 47, 14, '2026-01-18', '', 'X', 'symbol', 1, '2026-01-23 03:58:19'),
(643, 47, 14, '2026-01-19', '', 'X', 'symbol', 1, '2026-01-23 03:58:19'),
(644, 47, 14, '2026-01-20', '', 'X', 'symbol', 1, '2026-01-23 03:58:19'),
(645, 47, 14, '2026-01-21', '', 'X', 'symbol', 1, '2026-01-23 03:58:19'),
(646, 47, 14, '2026-01-22', '', 'X', 'symbol', 1, '2026-01-23 03:58:19'),
(647, 47, 14, '2026-01-23', '', 'X', 'symbol', 1, '2026-01-23 03:58:19'),
(648, 47, 14, '2026-01-24', '', 'X', 'symbol', 1, '2026-01-23 03:58:19'),
(649, 47, 14, '2026-01-25', '', 'X', 'symbol', 1, '2026-01-23 03:58:19'),
(650, 47, 14, '2026-01-26', '', 'X', 'symbol', 1, '2026-01-23 03:58:19'),
(651, 47, 14, '2026-01-27', '', 'X', 'symbol', 1, '2026-01-23 03:58:19'),
(652, 47, 14, '2026-01-28', '', 'X', 'symbol', 1, '2026-01-23 03:58:19'),
(653, 47, 14, '2026-01-29', '', 'X', 'symbol', 1, '2026-01-23 03:58:19'),
(654, 47, 14, '2026-01-30', '', 'X', 'symbol', 1, '2026-01-23 03:58:19'),
(655, 47, 14, '2026-01-31', '', 'X', 'symbol', 1, '2026-01-23 03:58:19'),
(656, 48, 14, '2026-01-01', '', 'X', 'symbol', 1, '2026-01-23 03:58:19'),
(657, 48, 14, '2026-01-02', '', 'X', 'symbol', 1, '2026-01-23 03:58:19'),
(658, 48, 14, '2026-01-03', '', 'X', 'symbol', 1, '2026-01-23 03:58:19'),
(659, 48, 14, '2026-01-04', '', 'X', 'symbol', 1, '2026-01-23 03:58:19'),
(660, 48, 14, '2026-01-05', '', 'X', 'symbol', 1, '2026-01-23 03:58:19'),
(661, 48, 14, '2026-01-06', '', 'X', 'symbol', 1, '2026-01-23 03:58:19'),
(662, 48, 14, '2026-01-07', '', 'X', 'symbol', 1, '2026-01-23 03:58:19'),
(663, 48, 14, '2026-01-08', '', 'X', 'symbol', 1, '2026-01-23 03:58:19'),
(664, 48, 14, '2026-01-09', '', 'X', 'symbol', 1, '2026-01-23 03:58:19'),
(665, 48, 14, '2026-01-10', '', 'X', 'symbol', 1, '2026-01-23 03:58:19'),
(666, 48, 14, '2026-01-11', '', 'X', 'symbol', 1, '2026-01-23 03:58:19'),
(667, 48, 14, '2026-01-12', '', 'X', 'symbol', 1, '2026-01-23 03:58:19'),
(668, 48, 14, '2026-01-13', '', 'X', 'symbol', 1, '2026-01-23 03:58:19'),
(669, 48, 14, '2026-01-14', '', 'X', 'symbol', 1, '2026-01-23 03:58:19'),
(670, 48, 14, '2026-01-15', '', 'X', 'symbol', 1, '2026-01-23 03:58:19'),
(671, 48, 14, '2026-01-16', '', 'X', 'symbol', 1, '2026-01-23 03:58:19'),
(672, 48, 14, '2026-01-17', '', 'X', 'symbol', 1, '2026-01-23 03:58:19'),
(673, 48, 14, '2026-01-18', '', 'X', 'symbol', 1, '2026-01-23 03:58:19'),
(674, 48, 14, '2026-01-19', '', 'X', 'symbol', 1, '2026-01-23 03:58:19'),
(675, 48, 14, '2026-01-20', '', 'X', 'symbol', 1, '2026-01-23 03:58:19'),
(676, 48, 14, '2026-01-21', '', 'X', 'symbol', 1, '2026-01-23 03:58:19'),
(677, 48, 14, '2026-01-22', '', 'X', 'symbol', 1, '2026-01-23 03:58:19'),
(678, 48, 14, '2026-01-23', '', 'X', 'symbol', 1, '2026-01-23 03:58:19'),
(679, 48, 14, '2026-01-24', '', 'X', 'symbol', 1, '2026-01-23 03:58:19'),
(680, 48, 14, '2026-01-25', '', 'X', 'symbol', 1, '2026-01-23 03:58:19'),
(681, 48, 14, '2026-01-26', '', 'X', 'symbol', 1, '2026-01-23 03:58:19'),
(682, 48, 14, '2026-01-27', '', 'X', 'symbol', 1, '2026-01-23 03:58:19'),
(683, 48, 14, '2026-01-28', '', 'X', 'symbol', 1, '2026-01-23 03:58:19'),
(684, 48, 14, '2026-01-29', '', 'X', 'symbol', 1, '2026-01-23 03:58:19'),
(685, 48, 14, '2026-01-30', '', 'X', 'symbol', 1, '2026-01-23 03:58:19'),
(686, 48, 14, '2026-01-31', '', 'X', 'symbol', 1, '2026-01-23 03:58:19'),
(687, 49, 14, '2026-01-01', '', 'X', 'symbol', 1, '2026-01-23 03:58:19'),
(688, 49, 14, '2026-01-02', '', 'X', 'symbol', 1, '2026-01-23 03:58:19'),
(689, 49, 14, '2026-01-03', '', 'X', 'symbol', 1, '2026-01-23 03:58:19'),
(690, 49, 14, '2026-01-04', '', 'X', 'symbol', 1, '2026-01-23 03:58:19'),
(691, 49, 14, '2026-01-05', '', 'X', 'symbol', 1, '2026-01-23 03:58:19'),
(692, 49, 14, '2026-01-06', '', 'X', 'symbol', 1, '2026-01-23 03:58:19'),
(693, 49, 14, '2026-01-07', '', 'X', 'symbol', 1, '2026-01-23 03:58:19'),
(694, 49, 14, '2026-01-08', '', 'X', 'symbol', 1, '2026-01-23 03:58:19'),
(695, 49, 14, '2026-01-09', '', 'X', 'symbol', 1, '2026-01-23 03:58:19'),
(696, 49, 14, '2026-01-10', '', 'X', 'symbol', 1, '2026-01-23 03:58:19');
INSERT INTO `attendance_logs` (`id`, `employee_id`, `project_id`, `attendance_date`, `old_value`, `new_value`, `field_type`, `changed_by`, `changed_at`) VALUES
(697, 49, 14, '2026-01-11', '', 'X', 'symbol', 1, '2026-01-23 03:58:19'),
(698, 49, 14, '2026-01-12', '', 'X', 'symbol', 1, '2026-01-23 03:58:19'),
(699, 49, 14, '2026-01-13', '', 'X', 'symbol', 1, '2026-01-23 03:58:19'),
(700, 49, 14, '2026-01-14', '', 'X', 'symbol', 1, '2026-01-23 03:58:19'),
(701, 49, 14, '2026-01-15', '', 'X', 'symbol', 1, '2026-01-23 03:58:19'),
(702, 49, 14, '2026-01-16', '', 'X', 'symbol', 1, '2026-01-23 03:58:19'),
(703, 49, 14, '2026-01-17', '', 'X', 'symbol', 1, '2026-01-23 03:58:19'),
(704, 49, 14, '2026-01-18', '', 'X', 'symbol', 1, '2026-01-23 03:58:19'),
(705, 49, 14, '2026-01-19', '', 'X', 'symbol', 1, '2026-01-23 03:58:19'),
(706, 49, 14, '2026-01-20', '', 'X', 'symbol', 1, '2026-01-23 03:58:19'),
(707, 49, 14, '2026-01-21', '', 'X', 'symbol', 1, '2026-01-23 03:58:19'),
(708, 49, 14, '2026-01-22', '', 'X', 'symbol', 1, '2026-01-23 03:58:19'),
(709, 49, 14, '2026-01-23', '', 'X', 'symbol', 1, '2026-01-23 03:58:19'),
(710, 49, 14, '2026-01-24', '', 'X', 'symbol', 1, '2026-01-23 03:58:19'),
(711, 49, 14, '2026-01-25', '', 'X', 'symbol', 1, '2026-01-23 03:58:19'),
(712, 49, 14, '2026-01-26', '', 'X', 'symbol', 1, '2026-01-23 03:58:19'),
(713, 49, 14, '2026-01-27', '', 'X', 'symbol', 1, '2026-01-23 03:58:19'),
(714, 49, 14, '2026-01-28', '', 'X', 'symbol', 1, '2026-01-23 03:58:19'),
(715, 49, 14, '2026-01-29', '', 'X', 'symbol', 1, '2026-01-23 03:58:19'),
(716, 49, 14, '2026-01-30', '', 'X', 'symbol', 1, '2026-01-23 03:58:19'),
(717, 49, 14, '2026-01-31', '', 'X', 'symbol', 1, '2026-01-23 03:58:19'),
(718, 50, 14, '2026-01-01', '', 'X', 'symbol', 1, '2026-01-23 03:58:19'),
(719, 50, 14, '2026-01-02', '', 'X', 'symbol', 1, '2026-01-23 03:58:19'),
(720, 50, 14, '2026-01-03', '', 'X', 'symbol', 1, '2026-01-23 03:58:19'),
(721, 50, 14, '2026-01-04', '', 'X', 'symbol', 1, '2026-01-23 03:58:19'),
(722, 50, 14, '2026-01-05', '', 'X', 'symbol', 1, '2026-01-23 03:58:19'),
(723, 50, 14, '2026-01-06', '', 'X', 'symbol', 1, '2026-01-23 03:58:19'),
(724, 50, 14, '2026-01-07', '', 'X', 'symbol', 1, '2026-01-23 03:58:19'),
(725, 50, 14, '2026-01-08', '', 'X', 'symbol', 1, '2026-01-23 03:58:19'),
(726, 50, 14, '2026-01-09', '', 'X', 'symbol', 1, '2026-01-23 03:58:19'),
(727, 50, 14, '2026-01-10', '', 'X', 'symbol', 1, '2026-01-23 03:58:19'),
(728, 50, 14, '2026-01-11', '', 'X', 'symbol', 1, '2026-01-23 03:58:19'),
(729, 50, 14, '2026-01-12', '', 'X', 'symbol', 1, '2026-01-23 03:58:19'),
(730, 50, 14, '2026-01-13', '', 'X', 'symbol', 1, '2026-01-23 03:58:19'),
(731, 50, 14, '2026-01-14', '', 'X', 'symbol', 1, '2026-01-23 03:58:19'),
(732, 50, 14, '2026-01-15', '', 'X', 'symbol', 1, '2026-01-23 03:58:19'),
(733, 50, 14, '2026-01-16', '', 'X', 'symbol', 1, '2026-01-23 03:58:19'),
(734, 50, 14, '2026-01-17', '', 'X', 'symbol', 1, '2026-01-23 03:58:19'),
(735, 50, 14, '2026-01-18', '', 'X', 'symbol', 1, '2026-01-23 03:58:19'),
(736, 50, 14, '2026-01-19', '', 'X', 'symbol', 1, '2026-01-23 03:58:19'),
(737, 50, 14, '2026-01-20', '', 'X', 'symbol', 1, '2026-01-23 03:58:19'),
(738, 50, 14, '2026-01-21', '', 'X', 'symbol', 1, '2026-01-23 03:58:19'),
(739, 50, 14, '2026-01-22', '', 'X', 'symbol', 1, '2026-01-23 03:58:20'),
(740, 50, 14, '2026-01-23', '', 'X', 'symbol', 1, '2026-01-23 03:58:20'),
(741, 50, 14, '2026-01-24', '', 'X', 'symbol', 1, '2026-01-23 03:58:20'),
(742, 50, 14, '2026-01-25', '', 'X', 'symbol', 1, '2026-01-23 03:58:20'),
(743, 50, 14, '2026-01-26', '', 'X', 'symbol', 1, '2026-01-23 03:58:20'),
(744, 50, 14, '2026-01-27', '', 'X', 'symbol', 1, '2026-01-23 03:58:20'),
(745, 50, 14, '2026-01-28', '', 'X', 'symbol', 1, '2026-01-23 03:58:20'),
(746, 50, 14, '2026-01-29', '', 'X', 'symbol', 1, '2026-01-23 03:58:20'),
(747, 50, 14, '2026-01-30', '', 'X', 'symbol', 1, '2026-01-23 03:58:20'),
(748, 50, 14, '2026-01-31', '', 'X', 'symbol', 1, '2026-01-23 03:58:20'),
(749, 51, 14, '2026-01-01', '', 'X', 'symbol', 1, '2026-01-23 03:58:20'),
(750, 51, 14, '2026-01-02', '', 'X', 'symbol', 1, '2026-01-23 03:58:20'),
(751, 51, 14, '2026-01-03', '', 'X', 'symbol', 1, '2026-01-23 03:58:20'),
(752, 51, 14, '2026-01-04', '', 'X', 'symbol', 1, '2026-01-23 03:58:20'),
(753, 51, 14, '2026-01-05', '', 'X', 'symbol', 1, '2026-01-23 03:58:20'),
(754, 51, 14, '2026-01-06', '', 'X', 'symbol', 1, '2026-01-23 03:58:20'),
(755, 51, 14, '2026-01-07', '', 'X', 'symbol', 1, '2026-01-23 03:58:20'),
(756, 51, 14, '2026-01-08', '', 'X', 'symbol', 1, '2026-01-23 03:58:20'),
(757, 51, 14, '2026-01-09', '', 'X', 'symbol', 1, '2026-01-23 03:58:20'),
(758, 51, 14, '2026-01-10', '', 'X', 'symbol', 1, '2026-01-23 03:58:20'),
(759, 51, 14, '2026-01-11', '', 'X', 'symbol', 1, '2026-01-23 03:58:20'),
(760, 51, 14, '2026-01-12', '', 'X', 'symbol', 1, '2026-01-23 03:58:20'),
(761, 51, 14, '2026-01-13', '', 'X', 'symbol', 1, '2026-01-23 03:58:20'),
(762, 51, 14, '2026-01-14', '', 'X', 'symbol', 1, '2026-01-23 03:58:20'),
(763, 51, 14, '2026-01-15', '', 'X', 'symbol', 1, '2026-01-23 03:58:20'),
(764, 51, 14, '2026-01-16', '', 'X', 'symbol', 1, '2026-01-23 03:58:20'),
(765, 51, 14, '2026-01-17', '', 'X', 'symbol', 1, '2026-01-23 03:58:20'),
(766, 51, 14, '2026-01-18', '', 'X', 'symbol', 1, '2026-01-23 03:58:20'),
(767, 51, 14, '2026-01-19', '', 'X', 'symbol', 1, '2026-01-23 03:58:20'),
(768, 51, 14, '2026-01-20', '', 'X', 'symbol', 1, '2026-01-23 03:58:20'),
(769, 51, 14, '2026-01-21', '', 'X', 'symbol', 1, '2026-01-23 03:58:20'),
(770, 51, 14, '2026-01-22', '', 'X', 'symbol', 1, '2026-01-23 03:58:20'),
(771, 51, 14, '2026-01-23', '', 'X', 'symbol', 1, '2026-01-23 03:58:20'),
(772, 51, 14, '2026-01-24', '', 'X', 'symbol', 1, '2026-01-23 03:58:20'),
(773, 51, 14, '2026-01-25', '', 'X', 'symbol', 1, '2026-01-23 03:58:20'),
(774, 51, 14, '2026-01-26', '', 'X', 'symbol', 1, '2026-01-23 03:58:20'),
(775, 51, 14, '2026-01-27', '', 'X', 'symbol', 1, '2026-01-23 03:58:20'),
(776, 51, 14, '2026-01-28', '', 'X', 'symbol', 1, '2026-01-23 03:58:20'),
(777, 51, 14, '2026-01-29', '', 'X', 'symbol', 1, '2026-01-23 03:58:20'),
(778, 51, 14, '2026-01-30', '', 'X', 'symbol', 1, '2026-01-23 03:58:20'),
(779, 51, 14, '2026-01-31', '', 'X', 'symbol', 1, '2026-01-23 03:58:20'),
(780, 52, 14, '2026-01-01', '', 'X', 'symbol', 1, '2026-01-23 03:58:20'),
(781, 52, 14, '2026-01-02', '', 'X', 'symbol', 1, '2026-01-23 03:58:20'),
(782, 52, 14, '2026-01-03', '', 'X', 'symbol', 1, '2026-01-23 03:58:20'),
(783, 52, 14, '2026-01-04', '', 'X', 'symbol', 1, '2026-01-23 03:58:20'),
(784, 52, 14, '2026-01-05', '', 'X', 'symbol', 1, '2026-01-23 03:58:20'),
(785, 52, 14, '2026-01-06', '', 'X', 'symbol', 1, '2026-01-23 03:58:20'),
(786, 52, 14, '2026-01-07', '', 'X', 'symbol', 1, '2026-01-23 03:58:20'),
(787, 52, 14, '2026-01-08', '', 'X', 'symbol', 1, '2026-01-23 03:58:20'),
(788, 52, 14, '2026-01-09', '', 'X', 'symbol', 1, '2026-01-23 03:58:20'),
(789, 52, 14, '2026-01-10', '', 'X', 'symbol', 1, '2026-01-23 03:58:20'),
(790, 52, 14, '2026-01-11', '', 'X', 'symbol', 1, '2026-01-23 03:58:20'),
(791, 52, 14, '2026-01-12', '', 'X', 'symbol', 1, '2026-01-23 03:58:20'),
(792, 52, 14, '2026-01-13', '', 'X', 'symbol', 1, '2026-01-23 03:58:20'),
(793, 52, 14, '2026-01-14', '', 'X', 'symbol', 1, '2026-01-23 03:58:20'),
(794, 52, 14, '2026-01-15', '', 'X', 'symbol', 1, '2026-01-23 03:58:20'),
(795, 52, 14, '2026-01-16', '', 'X', 'symbol', 1, '2026-01-23 03:58:20'),
(796, 52, 14, '2026-01-17', '', 'X', 'symbol', 1, '2026-01-23 03:58:20'),
(797, 52, 14, '2026-01-18', '', 'X', 'symbol', 1, '2026-01-23 03:58:20'),
(798, 52, 14, '2026-01-19', '', 'X', 'symbol', 1, '2026-01-23 03:58:20'),
(799, 52, 14, '2026-01-20', '', 'X', 'symbol', 1, '2026-01-23 03:58:20'),
(800, 52, 14, '2026-01-21', '', 'X', 'symbol', 1, '2026-01-23 03:58:20'),
(801, 52, 14, '2026-01-22', '', 'X', 'symbol', 1, '2026-01-23 03:58:20'),
(802, 52, 14, '2026-01-23', '', 'X', 'symbol', 1, '2026-01-23 03:58:20'),
(803, 52, 14, '2026-01-24', '', 'X', 'symbol', 1, '2026-01-23 03:58:20'),
(804, 52, 14, '2026-01-25', '', 'X', 'symbol', 1, '2026-01-23 03:58:20'),
(805, 52, 14, '2026-01-26', '', 'X', 'symbol', 1, '2026-01-23 03:58:20'),
(806, 52, 14, '2026-01-27', '', 'X', 'symbol', 1, '2026-01-23 03:58:20'),
(807, 52, 14, '2026-01-28', '', 'X', 'symbol', 1, '2026-01-23 03:58:20'),
(808, 52, 14, '2026-01-29', '', 'X', 'symbol', 1, '2026-01-23 03:58:20'),
(809, 52, 14, '2026-01-30', '', 'X', 'symbol', 1, '2026-01-23 03:58:20'),
(810, 52, 14, '2026-01-31', '', 'X', 'symbol', 1, '2026-01-23 03:58:20'),
(811, 53, 14, '2026-01-01', '', 'X', 'symbol', 1, '2026-01-23 03:58:20'),
(812, 53, 14, '2026-01-02', '', 'X', 'symbol', 1, '2026-01-23 03:58:20'),
(813, 53, 14, '2026-01-03', '', 'X', 'symbol', 1, '2026-01-23 03:58:20'),
(814, 53, 14, '2026-01-04', '', 'X', 'symbol', 1, '2026-01-23 03:58:20'),
(815, 53, 14, '2026-01-05', '', 'X', 'symbol', 1, '2026-01-23 03:58:20'),
(816, 53, 14, '2026-01-06', '', 'X', 'symbol', 1, '2026-01-23 03:58:20'),
(817, 53, 14, '2026-01-07', '', 'X', 'symbol', 1, '2026-01-23 03:58:20'),
(818, 53, 14, '2026-01-08', '', 'X', 'symbol', 1, '2026-01-23 03:58:20'),
(819, 53, 14, '2026-01-09', '', 'X', 'symbol', 1, '2026-01-23 03:58:20'),
(820, 53, 14, '2026-01-10', '', 'X', 'symbol', 1, '2026-01-23 03:58:20'),
(821, 53, 14, '2026-01-11', '', 'X', 'symbol', 1, '2026-01-23 03:58:20'),
(822, 53, 14, '2026-01-12', '', 'X', 'symbol', 1, '2026-01-23 03:58:20'),
(823, 53, 14, '2026-01-13', '', 'X', 'symbol', 1, '2026-01-23 03:58:20'),
(824, 53, 14, '2026-01-14', '', 'X', 'symbol', 1, '2026-01-23 03:58:20'),
(825, 53, 14, '2026-01-15', '', 'X', 'symbol', 1, '2026-01-23 03:58:20'),
(826, 53, 14, '2026-01-16', '', 'X', 'symbol', 1, '2026-01-23 03:58:20'),
(827, 53, 14, '2026-01-17', '', 'X', 'symbol', 1, '2026-01-23 03:58:20'),
(828, 53, 14, '2026-01-18', '', 'X', 'symbol', 1, '2026-01-23 03:58:20'),
(829, 53, 14, '2026-01-19', '', 'X', 'symbol', 1, '2026-01-23 03:58:20'),
(830, 53, 14, '2026-01-20', '', 'X', 'symbol', 1, '2026-01-23 03:58:20'),
(831, 53, 14, '2026-01-21', '', 'X', 'symbol', 1, '2026-01-23 03:58:20'),
(832, 53, 14, '2026-01-22', '', 'X', 'symbol', 1, '2026-01-23 03:58:20'),
(833, 53, 14, '2026-01-23', '', 'X', 'symbol', 1, '2026-01-23 03:58:20'),
(834, 53, 14, '2026-01-24', '', 'X', 'symbol', 1, '2026-01-23 03:58:20'),
(835, 53, 14, '2026-01-25', '', 'X', 'symbol', 1, '2026-01-23 03:58:20'),
(836, 53, 14, '2026-01-26', '', 'X', 'symbol', 1, '2026-01-23 03:58:20'),
(837, 53, 14, '2026-01-27', '', 'X', 'symbol', 1, '2026-01-23 03:58:20'),
(838, 53, 14, '2026-01-28', '', 'X', 'symbol', 1, '2026-01-23 03:58:20'),
(839, 53, 14, '2026-01-29', '', 'X', 'symbol', 1, '2026-01-23 03:58:20'),
(840, 53, 14, '2026-01-30', '', 'X', 'symbol', 1, '2026-01-23 03:58:20'),
(841, 53, 14, '2026-01-31', '', 'X', 'symbol', 1, '2026-01-23 03:58:20'),
(842, 54, 14, '2026-01-01', '', 'X', 'symbol', 1, '2026-01-23 03:58:20'),
(843, 54, 14, '2026-01-02', '', 'X', 'symbol', 1, '2026-01-23 03:58:20'),
(844, 54, 14, '2026-01-03', '', 'X', 'symbol', 1, '2026-01-23 03:58:20'),
(845, 54, 14, '2026-01-04', '', 'X', 'symbol', 1, '2026-01-23 03:58:20'),
(846, 54, 14, '2026-01-05', '', 'X', 'symbol', 1, '2026-01-23 03:58:20'),
(847, 54, 14, '2026-01-06', '', 'X', 'symbol', 1, '2026-01-23 03:58:20'),
(848, 54, 14, '2026-01-07', '', 'X', 'symbol', 1, '2026-01-23 03:58:20'),
(849, 54, 14, '2026-01-08', '', 'X', 'symbol', 1, '2026-01-23 03:58:20'),
(850, 54, 14, '2026-01-09', '', 'X', 'symbol', 1, '2026-01-23 03:58:20'),
(851, 54, 14, '2026-01-10', '', 'X', 'symbol', 1, '2026-01-23 03:58:20'),
(852, 54, 14, '2026-01-11', '', 'X', 'symbol', 1, '2026-01-23 03:58:20'),
(853, 54, 14, '2026-01-12', '', 'X', 'symbol', 1, '2026-01-23 03:58:20'),
(854, 54, 14, '2026-01-13', '', 'X', 'symbol', 1, '2026-01-23 03:58:20'),
(855, 54, 14, '2026-01-14', '', 'X', 'symbol', 1, '2026-01-23 03:58:20'),
(856, 54, 14, '2026-01-15', '', 'X', 'symbol', 1, '2026-01-23 03:58:20'),
(857, 54, 14, '2026-01-16', '', 'X', 'symbol', 1, '2026-01-23 03:58:20'),
(858, 54, 14, '2026-01-17', '', 'X', 'symbol', 1, '2026-01-23 03:58:20'),
(859, 54, 14, '2026-01-18', '', 'X', 'symbol', 1, '2026-01-23 03:58:20'),
(860, 54, 14, '2026-01-19', '', 'X', 'symbol', 1, '2026-01-23 03:58:20'),
(861, 54, 14, '2026-01-20', '', 'X', 'symbol', 1, '2026-01-23 03:58:20'),
(862, 54, 14, '2026-01-21', '', 'X', 'symbol', 1, '2026-01-23 03:58:20'),
(863, 54, 14, '2026-01-22', '', 'X', 'symbol', 1, '2026-01-23 03:58:20'),
(864, 54, 14, '2026-01-23', '', 'X', 'symbol', 1, '2026-01-23 03:58:20'),
(865, 54, 14, '2026-01-24', '', 'X', 'symbol', 1, '2026-01-23 03:58:20'),
(866, 54, 14, '2026-01-25', '', 'X', 'symbol', 1, '2026-01-23 03:58:20'),
(867, 54, 14, '2026-01-26', '', 'X', 'symbol', 1, '2026-01-23 03:58:20'),
(868, 54, 14, '2026-01-27', '', 'X', 'symbol', 1, '2026-01-23 03:58:20'),
(869, 54, 14, '2026-01-28', '', 'X', 'symbol', 1, '2026-01-23 03:58:20'),
(870, 54, 14, '2026-01-29', '', 'X', 'symbol', 1, '2026-01-23 03:58:20'),
(871, 54, 14, '2026-01-30', '', 'X', 'symbol', 1, '2026-01-23 03:58:20'),
(872, 54, 14, '2026-01-31', '', 'X', 'symbol', 1, '2026-01-23 03:58:20'),
(873, 55, 14, '2026-01-01', '', 'X', 'symbol', 1, '2026-01-23 03:58:20'),
(874, 55, 14, '2026-01-02', '', 'X', 'symbol', 1, '2026-01-23 03:58:20'),
(875, 55, 14, '2026-01-03', '', 'X', 'symbol', 1, '2026-01-23 03:58:20'),
(876, 55, 14, '2026-01-04', '', 'X', 'symbol', 1, '2026-01-23 03:58:20'),
(877, 55, 14, '2026-01-05', '', 'X', 'symbol', 1, '2026-01-23 03:58:20'),
(878, 55, 14, '2026-01-06', '', 'X', 'symbol', 1, '2026-01-23 03:58:20'),
(879, 55, 14, '2026-01-07', '', 'X', 'symbol', 1, '2026-01-23 03:58:20'),
(880, 55, 14, '2026-01-08', '', 'X', 'symbol', 1, '2026-01-23 03:58:20'),
(881, 55, 14, '2026-01-09', '', 'X', 'symbol', 1, '2026-01-23 03:58:20'),
(882, 55, 14, '2026-01-10', '', 'X', 'symbol', 1, '2026-01-23 03:58:20'),
(883, 55, 14, '2026-01-11', '', 'X', 'symbol', 1, '2026-01-23 03:58:20'),
(884, 55, 14, '2026-01-12', '', 'X', 'symbol', 1, '2026-01-23 03:58:20'),
(885, 55, 14, '2026-01-13', '', 'X', 'symbol', 1, '2026-01-23 03:58:20'),
(886, 55, 14, '2026-01-14', '', 'X', 'symbol', 1, '2026-01-23 03:58:20'),
(887, 55, 14, '2026-01-15', '', 'X', 'symbol', 1, '2026-01-23 03:58:20'),
(888, 55, 14, '2026-01-16', '', 'X', 'symbol', 1, '2026-01-23 03:58:20'),
(889, 55, 14, '2026-01-17', '', 'X', 'symbol', 1, '2026-01-23 03:58:20'),
(890, 55, 14, '2026-01-18', '', 'X', 'symbol', 1, '2026-01-23 03:58:20'),
(891, 55, 14, '2026-01-19', '', 'X', 'symbol', 1, '2026-01-23 03:58:20'),
(892, 55, 14, '2026-01-20', '', 'X', 'symbol', 1, '2026-01-23 03:58:20'),
(893, 55, 14, '2026-01-21', '', 'X', 'symbol', 1, '2026-01-23 03:58:20'),
(894, 55, 14, '2026-01-22', '', 'X', 'symbol', 1, '2026-01-23 03:58:20'),
(895, 55, 14, '2026-01-23', '', 'X', 'symbol', 1, '2026-01-23 03:58:20'),
(896, 55, 14, '2026-01-24', '', 'X', 'symbol', 1, '2026-01-23 03:58:20'),
(897, 55, 14, '2026-01-25', '', 'X', 'symbol', 1, '2026-01-23 03:58:20'),
(898, 55, 14, '2026-01-26', '', 'X', 'symbol', 1, '2026-01-23 03:58:20'),
(899, 55, 14, '2026-01-27', '', 'X', 'symbol', 1, '2026-01-23 03:58:20'),
(900, 55, 14, '2026-01-28', '', 'X', 'symbol', 1, '2026-01-23 03:58:20'),
(901, 55, 14, '2026-01-29', '', 'X', 'symbol', 1, '2026-01-23 03:58:20'),
(902, 55, 14, '2026-01-30', '', 'X', 'symbol', 1, '2026-01-23 03:58:20'),
(903, 55, 14, '2026-01-31', '', 'X', 'symbol', 1, '2026-01-23 03:58:20'),
(904, 56, 14, '2026-01-01', '', 'X', 'symbol', 1, '2026-01-23 03:58:20'),
(905, 56, 14, '2026-01-02', '', 'X', 'symbol', 1, '2026-01-23 03:58:21'),
(906, 56, 14, '2026-01-03', '', 'X', 'symbol', 1, '2026-01-23 03:58:21'),
(907, 56, 14, '2026-01-04', '', 'X', 'symbol', 1, '2026-01-23 03:58:21'),
(908, 56, 14, '2026-01-05', '', 'X', 'symbol', 1, '2026-01-23 03:58:21'),
(909, 56, 14, '2026-01-06', '', 'X', 'symbol', 1, '2026-01-23 03:58:21'),
(910, 56, 14, '2026-01-07', '', 'X', 'symbol', 1, '2026-01-23 03:58:21'),
(911, 56, 14, '2026-01-08', '', 'X', 'symbol', 1, '2026-01-23 03:58:21'),
(912, 56, 14, '2026-01-09', '', 'X', 'symbol', 1, '2026-01-23 03:58:21'),
(913, 56, 14, '2026-01-10', '', 'X', 'symbol', 1, '2026-01-23 03:58:21'),
(914, 56, 14, '2026-01-11', '', 'X', 'symbol', 1, '2026-01-23 03:58:21'),
(915, 56, 14, '2026-01-12', '', 'X', 'symbol', 1, '2026-01-23 03:58:21'),
(916, 56, 14, '2026-01-13', '', 'X', 'symbol', 1, '2026-01-23 03:58:21'),
(917, 56, 14, '2026-01-14', '', 'X', 'symbol', 1, '2026-01-23 03:58:21'),
(918, 56, 14, '2026-01-15', '', 'X', 'symbol', 1, '2026-01-23 03:58:21'),
(919, 56, 14, '2026-01-16', '', 'X', 'symbol', 1, '2026-01-23 03:58:21'),
(920, 56, 14, '2026-01-17', '', 'X', 'symbol', 1, '2026-01-23 03:58:21'),
(921, 56, 14, '2026-01-18', '', 'X', 'symbol', 1, '2026-01-23 03:58:21'),
(922, 56, 14, '2026-01-19', '', 'X', 'symbol', 1, '2026-01-23 03:58:21'),
(923, 56, 14, '2026-01-20', '', 'X', 'symbol', 1, '2026-01-23 03:58:21'),
(924, 56, 14, '2026-01-21', '', 'X', 'symbol', 1, '2026-01-23 03:58:21'),
(925, 56, 14, '2026-01-22', '', 'X', 'symbol', 1, '2026-01-23 03:58:21'),
(926, 56, 14, '2026-01-23', '', 'X', 'symbol', 1, '2026-01-23 03:58:21'),
(927, 56, 14, '2026-01-24', '', 'X', 'symbol', 1, '2026-01-23 03:58:21'),
(928, 56, 14, '2026-01-25', '', 'X', 'symbol', 1, '2026-01-23 03:58:21'),
(929, 56, 14, '2026-01-26', '', 'X', 'symbol', 1, '2026-01-23 03:58:21'),
(930, 56, 14, '2026-01-27', '', 'X', 'symbol', 1, '2026-01-23 03:58:21'),
(931, 56, 14, '2026-01-28', '', 'X', 'symbol', 1, '2026-01-23 03:58:21'),
(932, 56, 14, '2026-01-29', '', 'X', 'symbol', 1, '2026-01-23 03:58:21'),
(933, 56, 14, '2026-01-30', '', 'X', 'symbol', 1, '2026-01-23 03:58:21'),
(934, 56, 14, '2026-01-31', '', 'X', 'symbol', 1, '2026-01-23 03:58:21'),
(935, 57, 14, '2026-01-01', '', 'X', 'symbol', 1, '2026-01-23 03:58:21'),
(936, 57, 14, '2026-01-02', '', 'X', 'symbol', 1, '2026-01-23 03:58:21'),
(937, 57, 14, '2026-01-03', '', 'X', 'symbol', 1, '2026-01-23 03:58:21'),
(938, 57, 14, '2026-01-04', '', 'X', 'symbol', 1, '2026-01-23 03:58:21'),
(939, 57, 14, '2026-01-05', '', 'X', 'symbol', 1, '2026-01-23 03:58:21'),
(940, 57, 14, '2026-01-06', '', 'X', 'symbol', 1, '2026-01-23 03:58:21'),
(941, 57, 14, '2026-01-07', '', 'X', 'symbol', 1, '2026-01-23 03:58:21'),
(942, 57, 14, '2026-01-08', '', 'X', 'symbol', 1, '2026-01-23 03:58:21'),
(943, 57, 14, '2026-01-09', '', 'X', 'symbol', 1, '2026-01-23 03:58:21'),
(944, 57, 14, '2026-01-10', '', 'X', 'symbol', 1, '2026-01-23 03:58:21'),
(945, 57, 14, '2026-01-11', '', 'X', 'symbol', 1, '2026-01-23 03:58:21'),
(946, 57, 14, '2026-01-12', '', 'X', 'symbol', 1, '2026-01-23 03:58:21'),
(947, 57, 14, '2026-01-13', '', 'X', 'symbol', 1, '2026-01-23 03:58:21'),
(948, 57, 14, '2026-01-14', '', 'X', 'symbol', 1, '2026-01-23 03:58:21'),
(949, 57, 14, '2026-01-15', '', 'X', 'symbol', 1, '2026-01-23 03:58:21'),
(950, 57, 14, '2026-01-16', '', 'X', 'symbol', 1, '2026-01-23 03:58:21'),
(951, 57, 14, '2026-01-17', '', 'X', 'symbol', 1, '2026-01-23 03:58:21'),
(952, 57, 14, '2026-01-18', '', 'X', 'symbol', 1, '2026-01-23 03:58:21'),
(953, 57, 14, '2026-01-19', '', 'X', 'symbol', 1, '2026-01-23 03:58:21'),
(954, 57, 14, '2026-01-20', '', 'X', 'symbol', 1, '2026-01-23 03:58:21'),
(955, 57, 14, '2026-01-21', '', 'X', 'symbol', 1, '2026-01-23 03:58:21'),
(956, 57, 14, '2026-01-22', '', 'X', 'symbol', 1, '2026-01-23 03:58:21'),
(957, 57, 14, '2026-01-23', '', 'X', 'symbol', 1, '2026-01-23 03:58:21'),
(958, 57, 14, '2026-01-24', '', 'X', 'symbol', 1, '2026-01-23 03:58:21'),
(959, 57, 14, '2026-01-25', '', 'X', 'symbol', 1, '2026-01-23 03:58:21'),
(960, 57, 14, '2026-01-26', '', 'X', 'symbol', 1, '2026-01-23 03:58:21'),
(961, 57, 14, '2026-01-27', '', 'X', 'symbol', 1, '2026-01-23 03:58:21'),
(962, 57, 14, '2026-01-28', '', 'X', 'symbol', 1, '2026-01-23 03:58:21'),
(963, 57, 14, '2026-01-29', '', 'X', 'symbol', 1, '2026-01-23 03:58:21'),
(964, 57, 14, '2026-01-30', '', 'X', 'symbol', 1, '2026-01-23 03:58:21'),
(965, 57, 14, '2026-01-31', '', 'X', 'symbol', 1, '2026-01-23 03:58:21'),
(966, 44, 14, '2026-01-01', 'X', 'L', 'symbol', 1, '2026-01-23 03:59:02'),
(967, 58, 14, '2026-01-01', 'X', 'L', 'symbol', 1, '2026-01-23 03:59:02'),
(968, 40, 14, '2026-01-01', 'X', 'L', 'symbol', 1, '2026-01-23 03:59:02'),
(969, 36, 14, '2026-01-01', 'X', 'L', 'symbol', 1, '2026-01-23 03:59:02'),
(970, 37, 14, '2026-01-01', 'X', 'L', 'symbol', 1, '2026-01-23 03:59:02'),
(971, 38, 14, '2026-01-01', 'X', 'L', 'symbol', 1, '2026-01-23 03:59:02'),
(972, 39, 14, '2026-01-01', 'X', 'L', 'symbol', 1, '2026-01-23 03:59:02'),
(973, 41, 14, '2026-01-01', 'X', 'L', 'symbol', 1, '2026-01-23 03:59:02'),
(974, 42, 14, '2026-01-01', 'X', 'L', 'symbol', 1, '2026-01-23 03:59:02'),
(975, 43, 14, '2026-01-01', 'X', 'L', 'symbol', 1, '2026-01-23 03:59:02'),
(976, 45, 14, '2026-01-01', 'X', 'L', 'symbol', 1, '2026-01-23 03:59:02'),
(977, 46, 14, '2026-01-01', 'X', 'L', 'symbol', 1, '2026-01-23 03:59:02'),
(978, 47, 14, '2026-01-01', 'X', 'L', 'symbol', 1, '2026-01-23 03:59:02'),
(979, 48, 14, '2026-01-01', 'X', 'L', 'symbol', 1, '2026-01-23 03:59:02'),
(980, 49, 14, '2026-01-01', 'X', 'L', 'symbol', 1, '2026-01-23 03:59:02'),
(981, 50, 14, '2026-01-01', 'X', 'L', 'symbol', 1, '2026-01-23 03:59:02'),
(982, 51, 14, '2026-01-01', 'X', 'L', 'symbol', 1, '2026-01-23 03:59:02'),
(983, 52, 14, '2026-01-01', 'X', 'L', 'symbol', 1, '2026-01-23 03:59:02'),
(984, 53, 14, '2026-01-01', 'X', 'L', 'symbol', 1, '2026-01-23 03:59:02'),
(985, 54, 14, '2026-01-01', 'X', 'L', 'symbol', 1, '2026-01-23 03:59:02'),
(986, 55, 14, '2026-01-01', 'X', 'L', 'symbol', 1, '2026-01-23 03:59:02'),
(987, 56, 14, '2026-01-01', 'X', 'L', 'symbol', 1, '2026-01-23 03:59:02'),
(988, 57, 14, '2026-01-01', 'X', 'L', 'symbol', 1, '2026-01-23 03:59:02'),
(989, 44, 14, '2026-01-04', 'X', '', 'symbol', 1, '2026-01-23 04:00:45'),
(990, 44, 14, '2026-01-11', 'X', '', 'symbol', 1, '2026-01-23 04:00:45'),
(991, 44, 14, '2026-01-18', 'X', '', 'symbol', 1, '2026-01-23 04:00:45'),
(992, 44, 14, '2026-01-25', 'X', '', 'symbol', 1, '2026-01-23 04:00:45'),
(993, 58, 14, '2026-01-04', 'X', '', 'symbol', 1, '2026-01-23 04:00:45'),
(994, 58, 14, '2026-01-11', 'X', '', 'symbol', 1, '2026-01-23 04:00:45'),
(995, 58, 14, '2026-01-18', 'X', '', 'symbol', 1, '2026-01-23 04:00:45'),
(996, 58, 14, '2026-01-25', 'X', '', 'symbol', 1, '2026-01-23 04:00:45'),
(997, 40, 14, '2026-01-04', 'X', '', 'symbol', 1, '2026-01-23 04:00:45'),
(998, 40, 14, '2026-01-11', 'X', '', 'symbol', 1, '2026-01-23 04:00:45'),
(999, 40, 14, '2026-01-18', 'X', '', 'symbol', 1, '2026-01-23 04:00:45'),
(1000, 40, 14, '2026-01-25', 'X', '', 'symbol', 1, '2026-01-23 04:00:45'),
(1001, 36, 14, '2026-01-04', 'X', '', 'symbol', 1, '2026-01-23 04:00:45'),
(1002, 36, 14, '2026-01-11', 'X', '', 'symbol', 1, '2026-01-23 04:00:45'),
(1003, 36, 14, '2026-01-18', 'X', '', 'symbol', 1, '2026-01-23 04:00:45'),
(1004, 36, 14, '2026-01-25', 'X', '', 'symbol', 1, '2026-01-23 04:00:45'),
(1005, 37, 14, '2026-01-04', 'X', '', 'symbol', 1, '2026-01-23 04:00:45'),
(1006, 37, 14, '2026-01-11', 'X', '', 'symbol', 1, '2026-01-23 04:00:45'),
(1007, 37, 14, '2026-01-18', 'X', '', 'symbol', 1, '2026-01-23 04:00:45'),
(1008, 37, 14, '2026-01-25', 'X', '', 'symbol', 1, '2026-01-23 04:00:45'),
(1009, 38, 14, '2026-01-04', 'X', '', 'symbol', 1, '2026-01-23 04:00:45'),
(1010, 38, 14, '2026-01-11', 'X', '', 'symbol', 1, '2026-01-23 04:00:45'),
(1011, 38, 14, '2026-01-18', 'X', '', 'symbol', 1, '2026-01-23 04:00:45'),
(1012, 38, 14, '2026-01-25', 'X', '', 'symbol', 1, '2026-01-23 04:00:45'),
(1013, 39, 14, '2026-01-04', 'X', '', 'symbol', 1, '2026-01-23 04:00:45'),
(1014, 39, 14, '2026-01-11', 'X', '', 'symbol', 1, '2026-01-23 04:00:45'),
(1015, 39, 14, '2026-01-18', 'X', '', 'symbol', 1, '2026-01-23 04:00:45'),
(1016, 39, 14, '2026-01-25', 'X', '', 'symbol', 1, '2026-01-23 04:00:45'),
(1017, 41, 14, '2026-01-04', 'X', '', 'symbol', 1, '2026-01-23 04:00:45'),
(1018, 41, 14, '2026-01-11', 'X', '', 'symbol', 1, '2026-01-23 04:00:45'),
(1019, 41, 14, '2026-01-18', 'X', '', 'symbol', 1, '2026-01-23 04:00:45'),
(1020, 41, 14, '2026-01-25', 'X', '', 'symbol', 1, '2026-01-23 04:00:45'),
(1021, 42, 14, '2026-01-04', 'X', '', 'symbol', 1, '2026-01-23 04:00:45'),
(1022, 42, 14, '2026-01-11', 'X', '', 'symbol', 1, '2026-01-23 04:00:45'),
(1023, 42, 14, '2026-01-18', 'X', '', 'symbol', 1, '2026-01-23 04:00:45'),
(1024, 42, 14, '2026-01-25', 'X', '', 'symbol', 1, '2026-01-23 04:00:45'),
(1025, 43, 14, '2026-01-04', 'X', '', 'symbol', 1, '2026-01-23 04:00:45'),
(1026, 43, 14, '2026-01-11', 'X', '', 'symbol', 1, '2026-01-23 04:00:45'),
(1027, 43, 14, '2026-01-18', 'X', '', 'symbol', 1, '2026-01-23 04:00:45'),
(1028, 43, 14, '2026-01-25', 'X', '', 'symbol', 1, '2026-01-23 04:00:45'),
(1029, 45, 14, '2026-01-04', 'X', '', 'symbol', 1, '2026-01-23 04:00:45'),
(1030, 45, 14, '2026-01-11', 'X', '', 'symbol', 1, '2026-01-23 04:00:45'),
(1031, 45, 14, '2026-01-18', 'X', '', 'symbol', 1, '2026-01-23 04:00:45'),
(1032, 45, 14, '2026-01-25', 'X', '', 'symbol', 1, '2026-01-23 04:00:45'),
(1033, 46, 14, '2026-01-04', 'X', '', 'symbol', 1, '2026-01-23 04:00:45'),
(1034, 46, 14, '2026-01-11', 'X', '', 'symbol', 1, '2026-01-23 04:00:45'),
(1035, 46, 14, '2026-01-18', 'X', '', 'symbol', 1, '2026-01-23 04:00:45'),
(1036, 46, 14, '2026-01-25', 'X', '', 'symbol', 1, '2026-01-23 04:00:45'),
(1037, 47, 14, '2026-01-04', 'X', '', 'symbol', 1, '2026-01-23 04:00:45'),
(1038, 47, 14, '2026-01-11', 'X', '', 'symbol', 1, '2026-01-23 04:00:45'),
(1039, 47, 14, '2026-01-18', 'X', '', 'symbol', 1, '2026-01-23 04:00:45'),
(1040, 47, 14, '2026-01-25', 'X', '', 'symbol', 1, '2026-01-23 04:00:45'),
(1041, 48, 14, '2026-01-04', 'X', '', 'symbol', 1, '2026-01-23 04:00:45'),
(1042, 48, 14, '2026-01-11', 'X', '', 'symbol', 1, '2026-01-23 04:00:45'),
(1043, 48, 14, '2026-01-18', 'X', '', 'symbol', 1, '2026-01-23 04:00:45'),
(1044, 48, 14, '2026-01-25', 'X', '', 'symbol', 1, '2026-01-23 04:00:45'),
(1045, 49, 14, '2026-01-04', 'X', '', 'symbol', 1, '2026-01-23 04:00:45'),
(1046, 49, 14, '2026-01-11', 'X', '', 'symbol', 1, '2026-01-23 04:00:45'),
(1047, 49, 14, '2026-01-18', 'X', '', 'symbol', 1, '2026-01-23 04:00:45'),
(1048, 49, 14, '2026-01-25', 'X', '', 'symbol', 1, '2026-01-23 04:00:45'),
(1049, 50, 14, '2026-01-04', 'X', '', 'symbol', 1, '2026-01-23 04:00:45'),
(1050, 50, 14, '2026-01-11', 'X', '', 'symbol', 1, '2026-01-23 04:00:45'),
(1051, 50, 14, '2026-01-18', 'X', '', 'symbol', 1, '2026-01-23 04:00:45'),
(1052, 50, 14, '2026-01-25', 'X', '', 'symbol', 1, '2026-01-23 04:00:45'),
(1053, 51, 14, '2026-01-04', 'X', '', 'symbol', 1, '2026-01-23 04:00:45'),
(1054, 51, 14, '2026-01-11', 'X', '', 'symbol', 1, '2026-01-23 04:00:45'),
(1055, 51, 14, '2026-01-18', 'X', '', 'symbol', 1, '2026-01-23 04:00:45'),
(1056, 51, 14, '2026-01-25', 'X', '', 'symbol', 1, '2026-01-23 04:00:45'),
(1057, 52, 14, '2026-01-04', 'X', '', 'symbol', 1, '2026-01-23 04:00:45'),
(1058, 52, 14, '2026-01-11', 'X', '', 'symbol', 1, '2026-01-23 04:00:45'),
(1059, 52, 14, '2026-01-18', 'X', '', 'symbol', 1, '2026-01-23 04:00:45'),
(1060, 52, 14, '2026-01-25', 'X', '', 'symbol', 1, '2026-01-23 04:00:45'),
(1061, 53, 14, '2026-01-04', 'X', '', 'symbol', 1, '2026-01-23 04:00:45'),
(1062, 53, 14, '2026-01-11', 'X', '', 'symbol', 1, '2026-01-23 04:00:45'),
(1063, 53, 14, '2026-01-18', 'X', '', 'symbol', 1, '2026-01-23 04:00:45'),
(1064, 53, 14, '2026-01-25', 'X', '', 'symbol', 1, '2026-01-23 04:00:45'),
(1065, 54, 14, '2026-01-04', 'X', '', 'symbol', 1, '2026-01-23 04:00:45'),
(1066, 54, 14, '2026-01-11', 'X', '', 'symbol', 1, '2026-01-23 04:00:45'),
(1067, 54, 14, '2026-01-18', 'X', '', 'symbol', 1, '2026-01-23 04:00:45'),
(1068, 54, 14, '2026-01-25', 'X', '', 'symbol', 1, '2026-01-23 04:00:45'),
(1069, 55, 14, '2026-01-04', 'X', '', 'symbol', 1, '2026-01-23 04:00:45'),
(1070, 55, 14, '2026-01-11', 'X', '', 'symbol', 1, '2026-01-23 04:00:45'),
(1071, 55, 14, '2026-01-18', 'X', '', 'symbol', 1, '2026-01-23 04:00:45'),
(1072, 55, 14, '2026-01-25', 'X', '', 'symbol', 1, '2026-01-23 04:00:45'),
(1073, 56, 14, '2026-01-04', 'X', '', 'symbol', 1, '2026-01-23 04:00:45'),
(1074, 56, 14, '2026-01-11', 'X', '', 'symbol', 1, '2026-01-23 04:00:45'),
(1075, 56, 14, '2026-01-18', 'X', '', 'symbol', 1, '2026-01-23 04:00:45'),
(1076, 56, 14, '2026-01-25', 'X', '', 'symbol', 1, '2026-01-23 04:00:45'),
(1077, 57, 14, '2026-01-04', 'X', '', 'symbol', 1, '2026-01-23 04:00:45'),
(1078, 57, 14, '2026-01-11', 'X', '', 'symbol', 1, '2026-01-23 04:00:45'),
(1079, 57, 14, '2026-01-18', 'X', '', 'symbol', 1, '2026-01-23 04:00:45'),
(1080, 57, 14, '2026-01-25', 'X', '', 'symbol', 1, '2026-01-23 04:00:45'),
(1081, 2, 37, '2026-01-03', '0', '12', 'ot', 1, '2026-01-24 02:37:07'),
(1082, 2, 37, '2026-01-03', '0', '10', '', 1, '2026-01-24 02:37:07'),
(1083, 14, 32, '2026-01-09', '0', '12', 'ot', 1, '2026-01-24 03:44:44'),
(1084, 14, 32, '2026-01-10', '0', '12', 'ot', 1, '2026-01-24 03:44:44'),
(1085, 14, 32, '2026-01-12', '0', '12', 'ot', 1, '2026-01-24 03:44:44'),
(1086, 14, 32, '2026-01-13', '0', '12', 'ot', 1, '2026-01-24 03:44:44'),
(1087, 14, 32, '2026-01-14', '0', '12', 'ot', 1, '2026-01-24 03:44:44'),
(1088, 14, 32, '2026-01-15', '0', '12', 'ot', 1, '2026-01-24 03:44:44'),
(1089, 14, 32, '2026-01-16', '0', '12', 'ot', 1, '2026-01-24 03:44:44');

-- --------------------------------------------------------

--
-- Table structure for table `attendance_symbols`
--

CREATE TABLE `attendance_symbols` (
  `id` int(11) NOT NULL,
  `code` varchar(10) NOT NULL,
  `name` varchar(100) NOT NULL,
  `description` varchar(255) DEFAULT NULL,
  `is_paid` tinyint(1) DEFAULT 1 COMMENT '1: C lng, 0: Khng lng',
  `work_day_value` float DEFAULT 1 COMMENT 'Quy i ra ngy cng (1, 0.5, 0)',
  `color` varchar(20) DEFAULT '#64748b',
  `created_at` timestamp NOT NULL DEFAULT current_timestamp()
) ENGINE=InnoDB DEFAULT CHARSET=utf8mb4 COLLATE=utf8mb4_unicode_ci;

--
-- Dumping data for table `attendance_symbols`
--

INSERT INTO `attendance_symbols` (`id`, `code`, `name`, `description`, `is_paid`, `work_day_value`, `color`, `created_at`) VALUES
(1, 'X', 'i lm hng lng', 'Lm c ngy', 1, 1, '#24a25c', '2026-01-21 03:54:19'),
(2, '1/2', 'Na ngy lm vic', 'Lm na ngy', 1, 0.5, '#24a25c', '2026-01-21 03:54:19'),
(3, 'P', 'Ngh php', 'Ngh php nm', 1, 1, '#3b82f6', '2026-01-21 03:54:19'),
(4, '1/P', 'Na php na lm', 'Na php na lm', 1, 1, '#3b82f6', '2026-01-21 03:54:19'),
(5, '', 'Ngh m', 'm au c giy', 0, 0, '#f59e0b', '2026-01-21 03:54:19'),
(6, 'R', 'Vic ring', 'Ngh vic ring khng lng', 0, 0, '#94a3b8', '2026-01-21 03:54:19'),
(7, 'C', 'Ngh ch ', 'Hiu h, ma chay', 1, 1, '#8b5cf6', '2026-01-21 03:54:19'),
(8, 'H', 'i hc/Hp', 'Cng tc', 1, 1, '#06b6d4', '2026-01-21 03:54:19'),
(9, 'Ts', 'Thai sn', 'Ngh thai sn', 0, 0, '#ec4899', '2026-01-21 03:54:19'),
(10, 'L,T', 'L, Tt', 'Ngh l tt hng nguyn lng', 1, 1, '#ef4444', '2026-01-21 03:54:19'),
(11, 'OF', 'Ngh tun', 'Ngy ngh hng tun (CN)', 0, 0, '#e2e8f0', '2026-01-21 03:54:19'),
(12, 'Nb', 'Ngh b', 'Ngh b', 1, 1, '#10b981', '2026-01-21 03:54:19'),
(13, 'F', 'Lm l tt', 'i lm ngy l tt', 1, 1, '#dc2626', '2026-01-21 03:54:19'),
(14, 'F1', 'Lm ch nht', 'i lm ngy ngh tun', 1, 1, '#f97316', '2026-01-21 03:54:19');

-- --------------------------------------------------------

--
-- Table structure for table `contracts`
--

CREATE TABLE `contracts` (
  `id` int(11) NOT NULL,
  `employee_id` int(11) NOT NULL,
  `contract_number` varchar(50) DEFAULT NULL,
  `contract_type` enum('thu_viec','co_thoi_han','khong_thoi_han','khoan_viec') NOT NULL,
  `start_date` date NOT NULL,
  `end_date` date DEFAULT NULL,
  `basic_salary` decimal(15,2) DEFAULT 0.00,
  `allowance` decimal(15,2) DEFAULT 0.00,
  `status` enum('active','expired','cancelled') DEFAULT 'active',
  `file_path` varchar(255) DEFAULT NULL,
  `created_at` timestamp NOT NULL DEFAULT current_timestamp()
) ENGINE=InnoDB DEFAULT CHARSET=utf8mb4 COLLATE=utf8mb4_general_ci;

-- --------------------------------------------------------

--
-- Table structure for table `departments`
--

CREATE TABLE `departments` (
  `id` int(11) NOT NULL,
  `name` varchar(100) NOT NULL,
  `code` varchar(20) NOT NULL,
  `description` text DEFAULT NULL,
  `stt` int(11) DEFAULT 99
) ENGINE=InnoDB DEFAULT CHARSET=utf8mb4 COLLATE=utf8mb4_unicode_ci;

--
-- Dumping data for table `departments`
--

INSERT INTO `departments` (`id`, `name`, `code`, `description`, `stt`) VALUES
(1, 'Ban Gim c', 'BGD', NULL, 0),
(3, 'Phng K ton', 'KT', NULL, 1),
(6, 'V sinh - Tp V', 'VS', NULL, 8),
(8, 'Phng IT', 'IT', NULL, 4),
(14, 'Phng Kinh doanh', 'KD', NULL, 2),
(15, 'Phng Nhn s', 'NS', NULL, 3),
(17, 'K thut', 'KYT', NULL, 6),
(19, 'Ban Qun l', 'BQL', NULL, 5),
(20, 'Cy xanh', 'CX', NULL, 9),
(21, 'An ninh - Bo v', 'AN', NULL, 7);

-- --------------------------------------------------------

--
-- Table structure for table `documents`
--

CREATE TABLE `documents` (
  `id` int(11) NOT NULL,
  `employee_id` int(11) NOT NULL,
  `doc_type` varchar(50) NOT NULL COMMENT 'CCCD, HoKhau, SoYeuLyLich, BangCap, GiayKhamSucKhoe...',
  `doc_name` varchar(150) DEFAULT NULL,
  `file_path` varchar(255) DEFAULT NULL,
  `is_submitted` tinyint(1) DEFAULT 0,
  `approval_status` enum('approved','pending','rejected') DEFAULT 'approved',
  `expiry_date` date DEFAULT NULL,
  `note` text DEFAULT NULL,
  `created_at` timestamp NOT NULL DEFAULT current_timestamp(),
  `file_hash` varchar(64) DEFAULT NULL COMMENT 'SHA256 Hash  verify',
  `storage_status` enum('online','synced','offline') DEFAULT 'online',
  `stored_nodes_json` longtext CHARACTER SET utf8mb4 COLLATE utf8mb4_bin DEFAULT NULL COMMENT 'Danh sch node  lu file ny' CHECK (json_valid(`stored_nodes_json`)),
  `synced_at` datetime DEFAULT NULL COMMENT 'Thi im hon tt sync xung local chnh'
) ENGINE=InnoDB DEFAULT CHARSET=utf8mb4 COLLATE=utf8mb4_unicode_ci;

--
-- Dumping data for table `documents`
--

INSERT INTO `documents` (`id`, `employee_id`, `doc_type`, `doc_name`, `file_path`, `is_submitted`, `approval_status`, `expiry_date`, `note`, `created_at`, `file_hash`, `storage_status`, `stored_nodes_json`, `synced_at`) VALUES
(10, 2, 'CCCD', NULL, 'upload/documents/CAO_MINH_THANG_9061/CCCD_1768895517_471.jpg', 1, 'approved', '0000-00-00', NULL, '2026-01-20 07:51:57', NULL, 'online', NULL, NULL);

-- --------------------------------------------------------

--
-- Table structure for table `document_settings`
--

CREATE TABLE `document_settings` (
  `id` int(11) NOT NULL,
  `code` varchar(50) NOT NULL,
  `name` varchar(100) NOT NULL,
  `is_required` tinyint(1) DEFAULT 1,
  `is_multiple` tinyint(1) DEFAULT 0,
  `created_at` timestamp NOT NULL DEFAULT current_timestamp()
) ENGINE=InnoDB DEFAULT CHARSET=utf8mb4 COLLATE=utf8mb4_unicode_ci;

--
-- Dumping data for table `document_settings`
--

INSERT INTO `document_settings` (`id`, `code`, `name`, `is_required`, `is_multiple`, `created_at`) VALUES
(1, 'CCCD', 'Cn cc cng dn', 1, 0, '2026-01-20 04:03:38'),
(2, 'HK', 'H khu / Xc nhn c tr', 1, 0, '2026-01-20 04:03:38'),
(3, 'SYLL', 'S yu l lch', 1, 0, '2026-01-20 04:03:38'),
(4, 'BC', 'Bng cp / Chng ch', 0, 1, '2026-01-20 04:03:38'),
(5, 'GKSK', 'Giy khm sc khe', 1, 0, '2026-01-20 04:03:38'),
(6, 'HDLD', 'Hp ng lao ng', 1, 0, '2026-01-20 04:03:38'),
(7, 'BH', 'H s bo him', 0, 0, '2026-01-20 04:03:38'),
(9, 'DXV', 'n xin vic', 1, 0, '2026-01-20 05:08:59'),
(12, 'XNHK', 'Xc nhn hnh kim', 0, 0, '2026-01-20 05:08:59'),
(13, 'CK', 'Cam kt nhn vin', 1, 0, '2026-01-20 05:08:59'),
(14, 'CKT', 'Cam kt thu TNCN', 0, 0, '2026-01-20 05:08:59');

-- --------------------------------------------------------

--
-- Table structure for table `employees`
--

CREATE TABLE `employees` (
  `id` int(11) NOT NULL,
  `code` varchar(20) NOT NULL,
  `fullname` varchar(100) NOT NULL,
  `avatar` varchar(255) DEFAULT NULL,
  `gender` enum('Nam','N???','Kh??c') DEFAULT 'Nam',
  `dob` date DEFAULT NULL,
  `phone` varchar(20) DEFAULT NULL,
  `email` varchar(100) DEFAULT NULL,
  `address` varchar(255) DEFAULT NULL,
  `permanent_address` varchar(255) DEFAULT NULL COMMENT 'H??? kh???u th?????ng tr??',
  `identity_card` varchar(20) DEFAULT NULL COMMENT 'CCCD/CMND',
  `identity_date` date DEFAULT NULL,
  `identity_place` varchar(100) DEFAULT NULL,
  `department_id` int(11) DEFAULT NULL,
  `position_id` int(11) DEFAULT NULL,
  `current_project_id` int(11) DEFAULT NULL,
  `position` varchar(100) DEFAULT NULL COMMENT 'Ch???c v???: T??? tr?????ng, K??? s??, NV...',
  `status` enum('working','resigned','maternity_leave','unpaid_leave') DEFAULT 'working',
  `start_date` date DEFAULT NULL,
  `end_date` date DEFAULT NULL,
  `created_at` timestamp NOT NULL DEFAULT current_timestamp(),
  `updated_at` timestamp NOT NULL DEFAULT current_timestamp() ON UPDATE current_timestamp()
) ENGINE=InnoDB DEFAULT CHARSET=utf8mb4 COLLATE=utf8mb4_unicode_ci;

--
-- Dumping data for table `employees`
--

INSERT INTO `employees` (`id`, `code`, `fullname`, `avatar`, `gender`, `dob`, `phone`, `email`, `address`, `permanent_address`, `identity_card`, `identity_date`, `identity_place`, `department_id`, `position_id`, `current_project_id`, `position`, `status`, `start_date`, `end_date`, `created_at`, `updated_at`) VALUES
(1, 'NV001', 'L Hong Thi', NULL, 'Nam', '1996-11-14', '0349973754', 'thaishadow1411@gmail.com', NULL, NULL, '094096009060', NULL, NULL, 14, 23, 37, 'Nhn vin', 'working', '2025-01-01', NULL, '2026-01-20 03:52:17', '2026-01-20 04:16:46'),
(2, 'NV002', 'Cao Minh Thng', NULL, 'Nam', '2000-06-25', '0376701749', 'thangminhcaoss@gmail.com', NULL, NULL, '094096009061', NULL, NULL, 8, 27, 37, 'Nhn vin', 'working', '2026-01-01', NULL, '2026-01-20 07:44:22', '2026-01-22 07:16:28'),
(12, 'TPZ5163', 'H Th Xun H', NULL, 'Nam', '0000-00-00', '', '', NULL, NULL, '', NULL, NULL, 19, 33, 32, 'Trng Ban', 'working', NULL, NULL, '2026-01-21 07:28:15', '2026-01-21 07:52:24'),
(13, 'TPZ9061', 'Vn Th Ngc Linh', NULL, 'Nam', '0000-00-00', '', '', NULL, NULL, '', NULL, NULL, 19, 39, 32, 'K ton d n', 'working', '0000-00-00', NULL, '2026-01-21 07:28:15', '2026-01-21 07:39:37'),
(14, 'TPZ8090', 'H Th Ho', NULL, 'Nam', '0000-00-00', '', '', NULL, NULL, 'admin', NULL, NULL, 19, 35, 32, 'Gim st DV', 'working', NULL, NULL, '2026-01-21 07:28:15', '2026-01-22 07:13:51'),
(15, 'TPZ7888', 'Ng Hu Kim Hng', NULL, 'Nam', '0000-00-00', '', '', NULL, NULL, '', NULL, NULL, 17, 29, 32, 'T trng', 'working', NULL, NULL, '2026-01-21 07:28:15', '2026-01-21 07:54:28'),
(16, 'TPZ4036', 'Cao Thnh Tr', NULL, 'Nam', '0000-00-00', '', '', NULL, NULL, 'admin', NULL, NULL, 17, 30, 32, 'Nhn vin', 'working', NULL, NULL, '2026-01-21 07:28:15', '2026-01-22 01:17:54'),
(17, 'TPZ3767', 'L T Tm', NULL, 'Nam', '0000-00-00', '', '', NULL, NULL, 'admin', NULL, NULL, 17, 30, 32, 'Nhn vin', 'working', NULL, NULL, '2026-01-21 07:28:15', '2026-01-22 01:17:30'),
(18, 'TPZ2301', 'Nguyn Thanh Long', NULL, 'Nam', '0000-00-00', '', '', NULL, NULL, 'admin', NULL, NULL, 21, 38, 32, 'Nhn vin', 'working', NULL, NULL, '2026-01-21 07:28:15', '2026-01-22 01:27:03'),
(19, 'TPZ1790', 'Nguyn Hong Hng', NULL, 'Nam', '0000-00-00', '', '', NULL, NULL, 'admin', NULL, NULL, 21, 38, 32, 'Nhn vin', 'working', NULL, NULL, '2026-01-21 07:28:15', '2026-01-22 01:29:10'),
(20, 'TPZ3462', 'Phan Vn Lim', NULL, 'Nam', '0000-00-00', '', '', NULL, NULL, 'admin', NULL, NULL, 21, 38, 32, 'Nhn vin', 'working', NULL, NULL, '2026-01-21 07:28:15', '2026-01-22 01:28:45'),
(21, 'TPZ4460', 'Bi Minh Tun', NULL, 'Nam', '0000-00-00', '', '', NULL, NULL, 'admin', NULL, NULL, 21, 38, 32, 'Nhn vin', 'working', NULL, NULL, '2026-01-21 07:28:15', '2026-01-22 01:28:56'),
(22, 'TPZ6870', 'Nguyn Thanh Tnh', NULL, 'Nam', '0000-00-00', '', '', NULL, NULL, 'admin', NULL, NULL, 21, 38, 32, 'Nhn vin', 'working', NULL, NULL, '2026-01-21 07:28:15', '2026-01-22 01:28:51'),
(23, 'TPZ6610', 'L Vn Hng', NULL, 'Nam', '0000-00-00', '', '', NULL, NULL, 'admin', NULL, NULL, 21, 38, 32, 'Nhn vin', 'working', NULL, NULL, '2026-01-21 07:28:15', '2026-01-22 01:28:38'),
(24, 'TPZ9930', 'Nguyn Anh Tun', NULL, 'Nam', '0000-00-00', '', '', NULL, NULL, 'admin', NULL, NULL, 21, 38, 32, 'Nhn vin', 'working', NULL, NULL, '2026-01-21 07:28:15', '2026-01-22 01:28:29'),
(25, 'TPZ6118', 'Trn Vn Trng', NULL, 'Nam', '0000-00-00', '', '', NULL, NULL, '', NULL, NULL, 21, 37, 32, 'T trng', 'working', NULL, NULL, '2026-01-21 07:28:15', '2026-01-21 07:55:35'),
(26, 'TPZ2378', 'Phm Vn Thu', NULL, 'Nam', '0000-00-00', '', '', NULL, NULL, '', NULL, NULL, 21, 37, 32, 'T trng', 'working', NULL, NULL, '2026-01-21 07:28:15', '2026-01-21 07:55:15'),
(27, 'TPZ1212', 'Lu Xun Hiu', NULL, 'Nam', '0000-00-00', '', '', NULL, NULL, 'admin', NULL, NULL, 21, 38, 32, 'Nhn vin', 'working', NULL, NULL, '2026-01-21 07:28:15', '2026-01-22 01:28:18'),
(28, 'TPZ2826', 'L Tin S', NULL, 'Nam', '0000-00-00', '', '', NULL, NULL, 'admin', NULL, NULL, 21, 38, 32, 'Nhn vin', 'working', NULL, NULL, '2026-01-21 07:28:15', '2026-01-22 01:28:06'),
(29, 'TPZ7953', 'Ph Ch Hng', NULL, 'Nam', '0000-00-00', '', '', NULL, NULL, 'admin', NULL, NULL, 21, 38, 32, 'Nhn vin', 'working', NULL, NULL, '2026-01-21 07:28:15', '2026-01-22 01:27:59'),
(30, 'TPZ5188', 'Nguyn Th Thu Nga', NULL, 'Nam', '0000-00-00', '', '', NULL, NULL, 'admin', NULL, NULL, 6, 32, 32, 'Nhn vin', 'working', NULL, NULL, '2026-01-21 07:28:15', '2026-01-22 01:27:44'),
(31, 'TPZ8798', 'V Th Hnh', NULL, 'Nam', '0000-00-00', '', '', NULL, NULL, 'admin', NULL, NULL, 6, 32, 32, 'Nhn vin', 'working', NULL, NULL, '2026-01-21 07:28:15', '2026-01-22 01:27:31'),
(32, 'TPZ1587', 'Hng Th Thu', NULL, 'Nam', '0000-00-00', '', '', NULL, NULL, 'admin', NULL, NULL, 6, 32, 32, 'Nhn vin', 'working', NULL, NULL, '2026-01-21 07:28:15', '2026-01-22 01:27:37'),
(33, 'TPZ8684', 'Nguyn Th Hu', NULL, 'Nam', '0000-00-00', '', '', NULL, NULL, 'admin', NULL, NULL, 6, 31, 32, 'T trng', 'working', NULL, NULL, '2026-01-21 07:28:15', '2026-01-22 01:30:32'),
(34, 'TPZ4499', 'L Thanh Tng', NULL, 'Nam', '0000-00-00', '', '', NULL, NULL, 'admin', NULL, NULL, 6, 32, 32, 'Nhn vin', 'working', NULL, NULL, '2026-01-21 07:28:15', '2026-01-22 01:27:14'),
(35, 'TPZ9454', 'Phm L M', NULL, 'Nam', '0000-00-00', '', '', NULL, NULL, 'admin', NULL, NULL, 6, 32, 32, 'Nhn vin', 'working', NULL, NULL, '2026-01-21 07:28:15', '2026-01-22 01:26:52'),
(36, 'NV260123146', ' Kim Long', NULL, 'Nam', NULL, NULL, NULL, NULL, NULL, NULL, NULL, NULL, 21, 38, 14, 'Nhn vin', 'working', '2026-01-23', NULL, '2026-01-23 03:36:51', '2026-01-23 03:36:51'),
(37, 'NV260123810', 'H Vn Sm', NULL, 'Nam', NULL, NULL, NULL, NULL, NULL, NULL, NULL, NULL, 21, 38, 14, 'Nhn vin', 'working', '2026-01-23', NULL, '2026-01-23 03:36:51', '2026-01-23 03:36:51'),
(38, 'NV260123627', 'L Vn Hng', NULL, 'Nam', NULL, NULL, NULL, NULL, NULL, NULL, NULL, NULL, 21, 38, 14, 'Nhn vin', 'working', '2026-01-23', NULL, '2026-01-23 03:36:51', '2026-01-23 03:36:51'),
(39, 'NV260123300', 'Lng Vn Chuc', NULL, 'Nam', NULL, NULL, NULL, NULL, NULL, NULL, NULL, NULL, 21, 38, 14, 'Nhn vin', 'working', '2026-01-23', NULL, '2026-01-23 03:36:51', '2026-01-23 03:36:51'),
(40, 'NV260123624', 'Nguyn Chnh Tm', NULL, 'Nam', NULL, NULL, NULL, NULL, NULL, NULL, NULL, NULL, 17, 30, 14, 'Nhn vin', 'working', '2026-01-23', NULL, '2026-01-23 03:36:51', '2026-01-23 03:36:51'),
(41, 'NV260123106', 'Nguyn Hong Anh', NULL, 'Nam', NULL, NULL, NULL, NULL, NULL, NULL, NULL, NULL, 21, 38, 14, 'Nhn vin', 'working', '2026-01-23', NULL, '2026-01-23 03:36:51', '2026-01-23 03:36:51'),
(42, 'NV260123782', 'Nguyn Hong Phc', NULL, 'Nam', NULL, NULL, NULL, NULL, NULL, NULL, NULL, NULL, 21, 38, 14, 'Nhn vin', 'working', '2026-01-23', NULL, '2026-01-23 03:36:51', '2026-01-23 03:36:51'),
(43, 'NV260123365', 'Nguyn Huy Hong', NULL, 'Nam', NULL, NULL, NULL, NULL, NULL, NULL, NULL, NULL, 21, 38, 14, 'Nhn vin', 'working', '2026-01-23', NULL, '2026-01-23 03:36:51', '2026-01-23 03:36:51'),
(44, 'NV260123221', 'Nguyn Ngc Tho', NULL, 'Nam', NULL, NULL, NULL, NULL, NULL, NULL, NULL, NULL, 19, 33, 14, 'Trng Ban', 'working', '2026-01-23', NULL, '2026-01-23 03:36:51', '2026-01-23 03:36:51'),
(45, 'NV260123138', 'Nguyn Sanh', NULL, 'Nam', NULL, NULL, NULL, NULL, NULL, NULL, NULL, NULL, 21, 38, 14, 'Nhn vin', 'working', '2026-01-23', NULL, '2026-01-23 03:36:51', '2026-01-23 03:36:51'),
(46, 'NV260123591', 'Nguyn Thanh Nhn', NULL, 'Nam', NULL, NULL, NULL, NULL, NULL, NULL, NULL, NULL, 21, 38, 14, 'Nhn vin', 'working', '2026-01-23', NULL, '2026-01-23 03:36:51', '2026-01-23 03:36:51'),
(47, 'NV260123742', 'Nguyn Vn Long', NULL, 'Nam', NULL, NULL, NULL, NULL, NULL, NULL, NULL, NULL, 21, 38, 14, 'Nhn vin', 'working', '2026-01-23', NULL, '2026-01-23 03:36:51', '2026-01-23 03:36:51'),
(48, 'NV260123392', 'Phm Vn Ti', NULL, 'Nam', NULL, NULL, NULL, NULL, NULL, NULL, NULL, NULL, 21, 38, 14, 'Nhn vin', 'working', '2026-01-23', NULL, '2026-01-23 03:36:51', '2026-01-23 03:36:51'),
(49, 'NV260123368', 'Phan Tn Dng', NULL, 'Nam', NULL, NULL, NULL, NULL, NULL, NULL, NULL, NULL, 21, 38, 14, 'Nhn vin', 'working', '2026-01-23', NULL, '2026-01-23 03:36:51', '2026-01-23 03:36:51'),
(50, 'NV260123282', 'Trn Cng Trn', NULL, 'Nam', NULL, NULL, NULL, NULL, NULL, NULL, NULL, NULL, 21, 38, 14, 'Nhn vin', 'working', '2026-01-23', NULL, '2026-01-23 03:36:51', '2026-01-23 03:36:51'),
(51, 'NV260123760', 'Trn Minh Vng', NULL, 'Nam', NULL, NULL, NULL, NULL, NULL, NULL, NULL, NULL, 21, 38, 14, 'Nhn vin', 'working', '2026-01-23', NULL, '2026-01-23 03:36:51', '2026-01-23 03:36:51'),
(52, 'NV260123892', 'Ng.Th Hng Yn', NULL, '', NULL, NULL, NULL, NULL, NULL, NULL, NULL, NULL, 6, 32, 14, 'Nhn vin', 'working', '2026-01-23', NULL, '2026-01-23 03:36:51', '2026-01-23 03:36:51'),
(53, 'NV260123231', 'Ng.Th Yn Phng', NULL, '', NULL, NULL, NULL, NULL, NULL, NULL, NULL, NULL, 6, 32, 14, 'Nhn vin', 'working', '2026-01-23', NULL, '2026-01-23 03:36:51', '2026-01-23 03:36:51'),
(54, 'NV260123288', 'Nguyn Th L', NULL, '', NULL, NULL, NULL, NULL, NULL, NULL, NULL, NULL, 6, 32, 14, 'Nhn vin', 'working', '2026-01-23', NULL, '2026-01-23 03:36:51', '2026-01-23 03:36:51'),
(55, 'NV260123365', 'Phm Th Linh', NULL, '', NULL, NULL, NULL, NULL, NULL, NULL, NULL, NULL, 6, 32, 14, 'Nhn vin', 'working', '2026-01-23', NULL, '2026-01-23 03:36:51', '2026-01-23 03:36:51'),
(56, 'NV260123184', 'Phan Th Tuyt Mai', NULL, '', NULL, NULL, NULL, NULL, NULL, NULL, NULL, NULL, 6, 32, 14, 'Nhn vin', 'working', '2026-01-23', NULL, '2026-01-23 03:36:51', '2026-01-23 03:36:51'),
(57, 'NV260123190', 'Phng M Phng', NULL, '', NULL, NULL, NULL, NULL, NULL, NULL, NULL, NULL, 6, 32, 14, 'Nhn vin', 'working', '2026-01-23', NULL, '2026-01-23 03:36:51', '2026-01-23 03:36:51'),
(58, 'NV260123683', 'Trn Th Phng Anh', NULL, '', NULL, NULL, NULL, NULL, NULL, NULL, NULL, NULL, 19, 20, 14, 'K ton', 'working', '2026-01-23', NULL, '2026-01-23 03:36:51', '2026-01-23 03:36:51');

-- --------------------------------------------------------

--
-- Table structure for table `employee_leave_balances`
--

CREATE TABLE `employee_leave_balances` (
  `id` int(11) NOT NULL,
  `employee_id` int(11) NOT NULL,
  `year` int(11) NOT NULL,
  `total_days` decimal(4,1) DEFAULT 12.0 COMMENT 'Tng ngy php trong nm',
  `carried_over` decimal(4,1) DEFAULT 0.0 COMMENT 'Php nm trc chuyn sang',
  `used_days` decimal(4,1) DEFAULT 0.0 COMMENT ' s dng',
  `updated_at` timestamp NOT NULL DEFAULT current_timestamp() ON UPDATE current_timestamp()
) ENGINE=InnoDB DEFAULT CHARSET=utf8mb4 COLLATE=utf8mb4_unicode_ci;

--
-- Dumping data for table `employee_leave_balances`
--

INSERT INTO `employee_leave_balances` (`id`, `employee_id`, `year`, `total_days`, `carried_over`, `used_days`, `updated_at`) VALUES
(1, 1, 2026, 12.0, 0.0, 0.0, '2026-01-22 03:13:22'),
(2, 2, 2026, 12.0, 0.0, 2.0, '2026-01-22 05:54:06'),
(3, 12, 2026, 12.0, 0.0, 2.0, '2026-01-22 06:35:08'),
(4, 13, 2026, 12.0, 0.0, 0.0, '2026-01-22 03:13:22'),
(5, 14, 2026, 12.0, 0.0, 0.0, '2026-01-22 03:13:22'),
(6, 15, 2026, 12.0, 0.0, 0.0, '2026-01-22 03:13:22'),
(7, 16, 2026, 12.0, 0.0, 0.0, '2026-01-22 03:13:22'),
(8, 17, 2026, 12.0, 0.0, 0.0, '2026-01-22 03:13:22'),
(9, 18, 2026, 12.0, 0.0, 0.0, '2026-01-22 03:13:22'),
(10, 19, 2026, 12.0, 0.0, 0.0, '2026-01-22 03:13:22'),
(11, 20, 2026, 12.0, 0.0, 0.0, '2026-01-22 03:13:22'),
(12, 21, 2026, 12.0, 0.0, 0.0, '2026-01-22 03:13:22'),
(13, 22, 2026, 12.0, 0.0, 0.0, '2026-01-22 03:13:22'),
(14, 23, 2026, 12.0, 0.0, 0.0, '2026-01-22 03:13:22'),
(15, 24, 2026, 12.0, 0.0, 0.0, '2026-01-22 03:13:22'),
(16, 25, 2026, 12.0, 0.0, 0.0, '2026-01-22 03:13:22'),
(17, 26, 2026, 12.0, 0.0, 0.0, '2026-01-22 03:13:22'),
(18, 27, 2026, 12.0, 0.0, 0.0, '2026-01-22 03:13:22'),
(19, 28, 2026, 12.0, 0.0, 0.0, '2026-01-22 03:13:22'),
(20, 29, 2026, 12.0, 0.0, 0.0, '2026-01-22 03:13:22'),
(21, 30, 2026, 12.0, 0.0, 0.0, '2026-01-22 03:13:22'),
(22, 31, 2026, 12.0, 0.0, 0.0, '2026-01-22 03:13:22'),
(23, 32, 2026, 12.0, 0.0, 0.0, '2026-01-22 03:13:22'),
(24, 33, 2026, 12.0, 0.0, 0.0, '2026-01-22 03:13:22'),
(25, 34, 2026, 12.0, 0.0, 0.0, '2026-01-22 03:13:22'),
(26, 35, 2026, 12.0, 0.0, 0.0, '2026-01-22 03:13:22'),
(110, 44, 2026, 12.0, 0.0, 0.0, '2026-01-23 03:47:49'),
(111, 41, 2026, 12.0, 0.0, 0.0, '2026-01-23 03:47:49'),
(116, 58, 2026, 12.0, 0.0, 0.0, '2026-01-23 03:58:21'),
(117, 40, 2026, 12.0, 0.0, 0.0, '2026-01-23 03:58:21'),
(118, 36, 2026, 12.0, 0.0, 0.0, '2026-01-23 03:58:21'),
(119, 37, 2026, 12.0, 0.0, 0.0, '2026-01-23 03:58:21'),
(120, 38, 2026, 12.0, 0.0, 0.0, '2026-01-23 03:58:21'),
(121, 39, 2026, 12.0, 0.0, 0.0, '2026-01-23 03:58:21'),
(123, 42, 2026, 12.0, 0.0, 0.0, '2026-01-23 03:58:21'),
(124, 43, 2026, 12.0, 0.0, 0.0, '2026-01-23 03:58:21'),
(125, 45, 2026, 12.0, 0.0, 0.0, '2026-01-23 03:58:21'),
(126, 46, 2026, 12.0, 0.0, 0.0, '2026-01-23 03:58:21'),
(127, 47, 2026, 12.0, 0.0, 0.0, '2026-01-23 03:58:21'),
(128, 48, 2026, 12.0, 0.0, 0.0, '2026-01-23 03:58:21'),
(129, 49, 2026, 12.0, 0.0, 0.0, '2026-01-23 03:58:21'),
(130, 50, 2026, 12.0, 0.0, 0.0, '2026-01-23 03:58:21'),
(131, 51, 2026, 12.0, 0.0, 0.0, '2026-01-23 03:58:21'),
(132, 52, 2026, 12.0, 0.0, 0.0, '2026-01-23 03:58:21'),
(133, 53, 2026, 12.0, 0.0, 0.0, '2026-01-23 03:58:21'),
(134, 54, 2026, 12.0, 0.0, 0.0, '2026-01-23 03:58:21'),
(135, 55, 2026, 12.0, 0.0, 0.0, '2026-01-23 03:58:21'),
(136, 56, 2026, 12.0, 0.0, 0.0, '2026-01-23 03:58:21'),
(137, 57, 2026, 12.0, 0.0, 0.0, '2026-01-23 03:58:21');

-- --------------------------------------------------------

--
-- Table structure for table `employee_salaries`
--

CREATE TABLE `employee_salaries` (
  `id` int(11) NOT NULL,
  `employee_id` int(11) NOT NULL,
  `basic_salary` decimal(15,2) DEFAULT 0.00 COMMENT 'Lng c bn',
  `insurance_salary` decimal(15,2) DEFAULT 0.00,
  `allowance_total` decimal(15,2) DEFAULT 0.00,
  `salary_advances_default` decimal(15,2) DEFAULT 0.00,
  `allowance_meal` decimal(15,2) DEFAULT 0.00 COMMENT 'Ph cp n ca',
  `allowance_phone` decimal(15,2) DEFAULT 0.00 COMMENT 'Ph cp in thoi',
  `allowance_travel` decimal(15,2) DEFAULT 0.00 COMMENT 'Ph cp i li',
  `bhxh_percent` decimal(4,2) DEFAULT 10.50 COMMENT 'T l tr BHXH (%)',
  `income_tax_percent` decimal(4,2) DEFAULT 0.00,
  `updated_at` timestamp NOT NULL DEFAULT current_timestamp() ON UPDATE current_timestamp()
) ENGINE=InnoDB DEFAULT CHARSET=utf8mb4 COLLATE=utf8mb4_unicode_ci;

--
-- Dumping data for table `employee_salaries`
--

INSERT INTO `employee_salaries` (`id`, `employee_id`, `basic_salary`, `insurance_salary`, `allowance_total`, `salary_advances_default`, `allowance_meal`, `allowance_phone`, `allowance_travel`, `bhxh_percent`, `income_tax_percent`, `updated_at`) VALUES
(1, 2, 8500000.00, 5400000.00, 500000.00, 2000000.00, 0.00, 0.00, 0.00, 10.50, 0.00, '2026-01-22 05:46:51'),
(5, 14, 15000000.00, 7000000.00, 0.00, 0.00, 0.00, 0.00, 0.00, 10.50, 0.00, '2026-01-22 06:37:15'),
(6, 12, 22000000.00, 9000000.00, 0.00, 0.00, 0.00, 0.00, 0.00, 10.50, 0.00, '2026-01-22 06:37:16'),
(7, 13, 13000000.00, 7000000.00, 0.00, 0.00, 0.00, 0.00, 0.00, 10.50, 0.00, '2026-01-22 06:37:48'),
(14, 1, 10000000.00, 5800000.00, 500000.00, 3000000.00, 0.00, 0.00, 0.00, 10.50, 0.00, '2026-01-22 07:24:04'),
(18, 44, 20000000.00, 15000000.00, 0.00, 0.00, 0.00, 0.00, 0.00, 10.50, 0.00, '2026-01-23 04:09:14'),
(19, 58, 15000000.00, 10000000.00, 0.00, 0.00, 0.00, 0.00, 0.00, 10.50, 0.00, '2026-01-23 04:09:28'),
(20, 40, 16000000.00, 11000000.00, 0.00, 0.00, 0.00, 0.00, 0.00, 10.50, 0.00, '2026-01-23 04:09:42'),
(24, 36, 8500000.00, 6000000.00, 0.00, 0.00, 0.00, 0.00, 0.00, 10.50, 0.00, '2026-01-23 04:10:57'),
(25, 37, 8500000.00, 6000000.00, 0.00, 0.00, 0.00, 0.00, 0.00, 10.50, 0.00, '2026-01-23 04:10:58'),
(26, 38, 8500000.00, 6000000.00, 0.00, 0.00, 0.00, 0.00, 0.00, 10.50, 0.00, '2026-01-23 04:10:59'),
(27, 39, 8500000.00, 6000000.00, 0.00, 0.00, 0.00, 0.00, 0.00, 10.50, 0.00, '2026-01-23 04:10:59'),
(28, 41, 8500000.00, 6000000.00, 0.00, 0.00, 0.00, 0.00, 0.00, 10.50, 0.00, '2026-01-23 04:11:00'),
(29, 42, 8500000.00, 6000000.00, 0.00, 0.00, 0.00, 0.00, 0.00, 10.50, 0.00, '2026-01-23 04:11:01'),
(30, 43, 8500000.00, 6000000.00, 0.00, 0.00, 0.00, 0.00, 0.00, 10.50, 0.00, '2026-01-23 04:11:02'),
(31, 45, 8500000.00, 6000000.00, 0.00, 0.00, 0.00, 0.00, 0.00, 10.50, 0.00, '2026-01-23 04:11:03'),
(32, 46, 8500000.00, 6000000.00, 0.00, 0.00, 0.00, 0.00, 0.00, 10.50, 0.00, '2026-01-23 04:11:03'),
(33, 47, 8500000.00, 6000000.00, 0.00, 0.00, 0.00, 0.00, 0.00, 10.50, 0.00, '2026-01-23 04:11:04'),
(34, 48, 8500000.00, 6000000.00, 0.00, 0.00, 0.00, 0.00, 0.00, 10.50, 0.00, '2026-01-23 04:11:05'),
(35, 49, 8500000.00, 6000000.00, 0.00, 0.00, 0.00, 0.00, 0.00, 10.50, 0.00, '2026-01-23 04:11:05'),
(36, 50, 8500000.00, 6000000.00, 0.00, 0.00, 0.00, 0.00, 0.00, 10.50, 0.00, '2026-01-23 04:11:06'),
(37, 51, 8500000.00, 6000000.00, 0.00, 0.00, 0.00, 0.00, 0.00, 10.50, 0.00, '2026-01-23 04:11:06'),
(39, 52, 8500000.00, 6000000.00, 0.00, 0.00, 0.00, 0.00, 0.00, 10.50, 0.00, '2026-01-23 04:11:08'),
(40, 53, 8500000.00, 6000000.00, 0.00, 0.00, 0.00, 0.00, 0.00, 10.50, 0.00, '2026-01-23 04:11:09'),
(41, 54, 8500000.00, 6000000.00, 0.00, 0.00, 0.00, 0.00, 0.00, 10.50, 0.00, '2026-01-23 04:11:10'),
(43, 55, 8500000.00, 6000000.00, 0.00, 0.00, 0.00, 0.00, 0.00, 10.50, 0.00, '2026-01-23 04:11:10'),
(44, 56, 8500000.00, 6000000.00, 0.00, 0.00, 0.00, 0.00, 0.00, 10.50, 0.00, '2026-01-23 04:11:11'),
(45, 57, 8500000.00, 6000000.00, 0.00, 0.00, 0.00, 0.00, 0.00, 10.50, 0.00, '2026-01-23 04:11:12');

-- --------------------------------------------------------

--
-- Table structure for table `employee_status_history`
--

CREATE TABLE `employee_status_history` (
  `id` int(11) NOT NULL,
  `employee_id` int(11) NOT NULL,
  `old_status` varchar(50) DEFAULT NULL,
  `new_status` varchar(50) DEFAULT NULL,
  `change_date` date DEFAULT NULL,
  `note` text DEFAULT NULL,
  `created_by` int(11) DEFAULT NULL,
  `created_at` timestamp NOT NULL DEFAULT current_timestamp()
) ENGINE=InnoDB DEFAULT CHARSET=utf8mb4 COLLATE=utf8mb4_unicode_ci;

--
-- Dumping data for table `employee_status_history`
--

INSERT INTO `employee_status_history` (`id`, `employee_id`, `old_status`, `new_status`, `change_date`, `note`, `created_by`, `created_at`) VALUES
(1, 36, NULL, 'working', '2026-01-23', 'Import Excel', 1, '2026-01-23 03:36:51'),
(2, 37, NULL, 'working', '2026-01-23', 'Import Excel', 1, '2026-01-23 03:36:51'),
(3, 38, NULL, 'working', '2026-01-23', 'Import Excel', 1, '2026-01-23 03:36:51'),
(4, 39, NULL, 'working', '2026-01-23', 'Import Excel', 1, '2026-01-23 03:36:51'),
(5, 40, NULL, 'working', '2026-01-23', 'Import Excel', 1, '2026-01-23 03:36:51'),
(6, 41, NULL, 'working', '2026-01-23', 'Import Excel', 1, '2026-01-23 03:36:51'),
(7, 42, NULL, 'working', '2026-01-23', 'Import Excel', 1, '2026-01-23 03:36:51'),
(8, 43, NULL, 'working', '2026-01-23', 'Import Excel', 1, '2026-01-23 03:36:51'),
(9, 44, NULL, 'working', '2026-01-23', 'Import Excel', 1, '2026-01-23 03:36:51'),
(10, 45, NULL, 'working', '2026-01-23', 'Import Excel', 1, '2026-01-23 03:36:51'),
(11, 46, NULL, 'working', '2026-01-23', 'Import Excel', 1, '2026-01-23 03:36:51'),
(12, 47, NULL, 'working', '2026-01-23', 'Import Excel', 1, '2026-01-23 03:36:51'),
(13, 48, NULL, 'working', '2026-01-23', 'Import Excel', 1, '2026-01-23 03:36:51'),
(14, 49, NULL, 'working', '2026-01-23', 'Import Excel', 1, '2026-01-23 03:36:51'),
(15, 50, NULL, 'working', '2026-01-23', 'Import Excel', 1, '2026-01-23 03:36:51'),
(16, 51, NULL, 'working', '2026-01-23', 'Import Excel', 1, '2026-01-23 03:36:51'),
(17, 52, NULL, 'working', '2026-01-23', 'Import Excel', 1, '2026-01-23 03:36:51'),
(18, 53, NULL, 'working', '2026-01-23', 'Import Excel', 1, '2026-01-23 03:36:51'),
(19, 54, NULL, 'working', '2026-01-23', 'Import Excel', 1, '2026-01-23 03:36:51'),
(20, 55, NULL, 'working', '2026-01-23', 'Import Excel', 1, '2026-01-23 03:36:51'),
(21, 56, NULL, 'working', '2026-01-23', 'Import Excel', 1, '2026-01-23 03:36:51'),
(22, 57, NULL, 'working', '2026-01-23', 'Import Excel', 1, '2026-01-23 03:36:51'),
(23, 58, NULL, 'working', '2026-01-23', 'Import Excel', 1, '2026-01-23 03:36:51');

-- --------------------------------------------------------

--
-- Table structure for table `insurances`
--

CREATE TABLE `insurances` (
  `id` int(11) NOT NULL,
  `employee_id` int(11) NOT NULL,
  `insurance_number` varchar(50) DEFAULT NULL,
  `bhxh_status` tinyint(1) DEFAULT 0 COMMENT '1: ???? tham gia, 0: Ch??a',
  `bhyt_status` tinyint(1) DEFAULT 0,
  `bhtn_status` tinyint(1) DEFAULT 0,
  `start_date` date DEFAULT NULL,
  `end_date` date DEFAULT NULL,
  `hospital_registration` varchar(150) DEFAULT NULL COMMENT 'N??i ??K KCB ban ?????u',
  `created_at` timestamp NOT NULL DEFAULT current_timestamp()
) ENGINE=InnoDB DEFAULT CHARSET=utf8mb4 COLLATE=utf8mb4_general_ci;

-- --------------------------------------------------------

--
-- Table structure for table `leave_requests`
--

CREATE TABLE `leave_requests` (
  `id` int(11) NOT NULL,
  `employee_id` int(11) NOT NULL,
  `leave_type` enum('P','C','VR','','TS','NB','KL') NOT NULL,
  `start_date` date NOT NULL,
  `end_date` date NOT NULL,
  `total_days` decimal(4,1) NOT NULL,
  `reason` text DEFAULT NULL,
  `status` enum('pending','approved','rejected') DEFAULT 'pending',
  `approved_by` int(11) DEFAULT NULL,
  `created_at` timestamp NOT NULL DEFAULT current_timestamp()
) ENGINE=InnoDB DEFAULT CHARSET=utf8mb4 COLLATE=utf8mb4_unicode_ci;

-- --------------------------------------------------------

--
-- Table structure for table `payroll`
--

CREATE TABLE `payroll` (
  `id` int(11) NOT NULL,
  `employee_id` int(11) NOT NULL,
  `project_id` int(11) DEFAULT 0,
  `month` int(11) NOT NULL,
  `year` int(11) NOT NULL,
  `standard_days` int(11) DEFAULT 26,
  `total_work_days` decimal(4,1) DEFAULT 0.0,
  `paid_leave_days` decimal(4,1) DEFAULT 0.0,
  `holiday_work_days` decimal(4,1) DEFAULT 0.0,
  `holiday_paid_days` decimal(4,1) DEFAULT 0.0,
  `total_ot_hours` decimal(5,1) DEFAULT 0.0,
  `salary_actual` decimal(15,2) DEFAULT 0.00 COMMENT 'Lng thc t theo ngy cng',
  `ot_amount` decimal(15,2) DEFAULT 0.00 COMMENT 'Tin tng ca',
  `support_amount` decimal(15,2) DEFAULT 0.00 COMMENT 'Tin h tr d n',
  `total_allowance` decimal(15,2) DEFAULT 0.00,
  `bhxh_amount` decimal(15,2) DEFAULT 0.00,
  `salary_advances` decimal(15,2) DEFAULT 0.00,
  `union_fee` decimal(15,2) DEFAULT 0.00,
  `income_tax` decimal(15,2) DEFAULT 0.00,
  `bonus_amount` decimal(15,2) DEFAULT 0.00,
  `net_salary` decimal(15,2) DEFAULT 0.00 COMMENT 'Thc lnh',
  `status` enum('draft','published','paid') DEFAULT 'draft',
  `created_at` timestamp NOT NULL DEFAULT current_timestamp()
) ENGINE=InnoDB DEFAULT CHARSET=utf8mb4 COLLATE=utf8mb4_unicode_ci;

--
-- Dumping data for table `payroll`
--

INSERT INTO `payroll` (`id`, `employee_id`, `project_id`, `month`, `year`, `standard_days`, `total_work_days`, `paid_leave_days`, `holiday_work_days`, `holiday_paid_days`, `total_ot_hours`, `salary_actual`, `ot_amount`, `support_amount`, `total_allowance`, `bhxh_amount`, `salary_advances`, `union_fee`, `income_tax`, `bonus_amount`, `net_salary`, `status`, `created_at`) VALUES
(1, 2, 37, 1, 2026, 27, 24.0, 2.0, 0.0, 1.0, 0.0, 7555555.56, 0.00, 0.00, 500000.00, 567000.00, 2000000.00, 54000.00, 0.00, 0.00, 6379000.00, 'draft', '2026-01-22 05:43:34'),
(7, 2, 0, 10, 2025, 27, 25.0, 2.0, 0.0, 0.0, 0.0, 7870370.37, 0.00, 0.00, 500000.00, 567000.00, 2000000.00, 54000.00, 0.00, 0.00, 6379000.00, 'draft', '2026-01-22 05:54:49'),
(11, 14, 0, 1, 2026, 27, 26.0, 0.0, 0.0, 1.0, 0.0, 14444444.44, 0.00, 0.00, 0.00, 735000.00, 0.00, 54000.00, 0.00, 0.00, 14211000.00, 'draft', '2026-01-22 06:36:24'),
(12, 12, 0, 1, 2026, 27, 24.0, 2.0, 0.0, 1.0, 0.0, 19555555.56, 0.00, 0.00, 0.00, 945000.00, 0.00, 54000.00, 0.00, 0.00, 21001000.00, 'draft', '2026-01-22 06:36:25'),
(13, 13, 0, 1, 2026, 27, 26.0, 0.0, 0.0, 1.0, 0.0, 12518518.52, 0.00, 0.00, 0.00, 735000.00, 0.00, 54000.00, 0.00, 0.00, 12211000.00, 'draft', '2026-01-22 06:36:31'),
(33, 1, 37, 1, 2026, 27, 26.0, 0.0, 0.0, 1.0, 24.0, 9629629.63, 1666666.67, 0.00, 500000.00, 609000.00, 3000000.00, 54000.00, 0.00, 0.00, 8503666.67, 'draft', '2026-01-22 07:18:53'),
(47, 44, 0, 1, 2026, 27, 26.0, 0.0, 0.0, 1.0, 0.0, 19259259.26, 0.00, 0.00, 0.00, 1575000.00, 0.00, 54000.00, 0.00, 0.00, 18371000.00, 'draft', '2026-01-23 04:09:14'),
(48, 58, 0, 1, 2026, 27, 26.0, 0.0, 0.0, 1.0, 0.0, 14444444.44, 0.00, 0.00, 0.00, 1050000.00, 0.00, 54000.00, 0.00, 0.00, 13896000.00, 'draft', '2026-01-23 04:09:28'),
(49, 40, 0, 1, 2026, 27, 26.0, 0.0, 0.0, 1.0, 0.0, 15407407.41, 0.00, 0.00, 0.00, 1155000.00, 0.00, 54000.00, 0.00, 0.00, 14791000.00, 'draft', '2026-01-23 04:09:42'),
(53, 36, 0, 1, 2026, 27, 26.0, 0.0, 0.0, 1.0, 0.0, 8185185.19, 0.00, 0.00, 0.00, 630000.00, 0.00, 60000.00, 0.00, 0.00, 7810000.00, 'draft', '2026-01-23 04:10:57'),
(54, 37, 0, 1, 2026, 27, 26.0, 0.0, 0.0, 1.0, 0.0, 8185185.19, 0.00, 0.00, 0.00, 630000.00, 0.00, 60000.00, 0.00, 0.00, 7810000.00, 'draft', '2026-01-23 04:10:58'),
(55, 38, 0, 1, 2026, 27, 26.0, 0.0, 0.0, 1.0, 0.0, 8185185.19, 0.00, 0.00, 0.00, 630000.00, 0.00, 60000.00, 0.00, 0.00, 7810000.00, 'draft', '2026-01-23 04:10:59'),
(56, 39, 0, 1, 2026, 27, 26.0, 0.0, 0.0, 1.0, 0.0, 8185185.19, 0.00, 0.00, 0.00, 630000.00, 0.00, 60000.00, 0.00, 0.00, 7810000.00, 'draft', '2026-01-23 04:10:59'),
(57, 41, 0, 1, 2026, 27, 26.0, 0.0, 0.0, 1.0, 0.0, 8185185.19, 0.00, 0.00, 0.00, 630000.00, 0.00, 60000.00, 0.00, 0.00, 7810000.00, 'draft', '2026-01-23 04:11:00'),
(58, 42, 0, 1, 2026, 27, 26.0, 0.0, 0.0, 1.0, 0.0, 8185185.19, 0.00, 0.00, 0.00, 630000.00, 0.00, 60000.00, 0.00, 0.00, 7810000.00, 'draft', '2026-01-23 04:11:01'),
(59, 43, 0, 1, 2026, 27, 26.0, 0.0, 0.0, 1.0, 0.0, 8185185.19, 0.00, 0.00, 0.00, 630000.00, 0.00, 60000.00, 0.00, 0.00, 7810000.00, 'draft', '2026-01-23 04:11:02'),
(60, 45, 0, 1, 2026, 27, 26.0, 0.0, 0.0, 1.0, 0.0, 8185185.19, 0.00, 0.00, 0.00, 630000.00, 0.00, 60000.00, 0.00, 0.00, 7810000.00, 'draft', '2026-01-23 04:11:03'),
(61, 46, 0, 1, 2026, 27, 26.0, 0.0, 0.0, 1.0, 0.0, 8185185.19, 0.00, 0.00, 0.00, 630000.00, 0.00, 60000.00, 0.00, 0.00, 7810000.00, 'draft', '2026-01-23 04:11:03'),
(62, 47, 0, 1, 2026, 27, 26.0, 0.0, 0.0, 1.0, 0.0, 8185185.19, 0.00, 0.00, 0.00, 630000.00, 0.00, 60000.00, 0.00, 0.00, 7810000.00, 'draft', '2026-01-23 04:11:04'),
(63, 48, 0, 1, 2026, 27, 26.0, 0.0, 0.0, 1.0, 0.0, 8185185.19, 0.00, 0.00, 0.00, 630000.00, 0.00, 60000.00, 0.00, 0.00, 7810000.00, 'draft', '2026-01-23 04:11:05'),
(64, 49, 0, 1, 2026, 27, 26.0, 0.0, 0.0, 1.0, 0.0, 8185185.19, 0.00, 0.00, 0.00, 630000.00, 0.00, 60000.00, 0.00, 0.00, 7810000.00, 'draft', '2026-01-23 04:11:05'),
(65, 50, 0, 1, 2026, 27, 26.0, 0.0, 0.0, 1.0, 0.0, 8185185.19, 0.00, 0.00, 0.00, 630000.00, 0.00, 60000.00, 0.00, 0.00, 7810000.00, 'draft', '2026-01-23 04:11:06'),
(66, 51, 0, 1, 2026, 27, 26.0, 0.0, 0.0, 1.0, 0.0, 8185185.19, 0.00, 0.00, 0.00, 630000.00, 0.00, 60000.00, 0.00, 0.00, 7810000.00, 'draft', '2026-01-23 04:11:06'),
(68, 52, 0, 1, 2026, 27, 26.0, 0.0, 0.0, 1.0, 0.0, 8185185.19, 0.00, 0.00, 0.00, 630000.00, 0.00, 60000.00, 0.00, 0.00, 7810000.00, 'draft', '2026-01-23 04:11:08'),
(69, 53, 0, 1, 2026, 27, 26.0, 0.0, 0.0, 1.0, 0.0, 8185185.19, 0.00, 0.00, 0.00, 630000.00, 0.00, 60000.00, 0.00, 0.00, 7810000.00, 'draft', '2026-01-23 04:11:09'),
(70, 54, 0, 1, 2026, 27, 26.0, 0.0, 0.0, 1.0, 0.0, 8185185.19, 0.00, 0.00, 0.00, 630000.00, 0.00, 60000.00, 0.00, 0.00, 7810000.00, 'draft', '2026-01-23 04:11:10'),
(72, 55, 0, 1, 2026, 27, 26.0, 0.0, 0.0, 1.0, 0.0, 8185185.19, 0.00, 0.00, 0.00, 630000.00, 0.00, 60000.00, 0.00, 0.00, 7810000.00, 'draft', '2026-01-23 04:11:10'),
(73, 56, 0, 1, 2026, 27, 26.0, 0.0, 0.0, 1.0, 0.0, 8185185.19, 0.00, 0.00, 0.00, 630000.00, 0.00, 60000.00, 0.00, 0.00, 7810000.00, 'draft', '2026-01-23 04:11:11'),
(74, 57, 0, 1, 2026, 27, 26.0, 0.0, 0.0, 1.0, 0.0, 8185185.19, 0.00, 0.00, 0.00, 630000.00, 0.00, 60000.00, 0.00, 0.00, 7810000.00, 'draft', '2026-01-23 04:11:12');

-- --------------------------------------------------------

--
-- Table structure for table `permissions`
--

CREATE TABLE `permissions` (
  `id` int(11) NOT NULL,
  `code` varchar(50) NOT NULL,
  `name` varchar(100) NOT NULL,
  `module` varchar(50) NOT NULL COMMENT 'Nhm quyn: employees, attendance, salary...'
) ENGINE=InnoDB DEFAULT CHARSET=utf8mb4 COLLATE=utf8mb4_unicode_ci;

--
-- Dumping data for table `permissions`
--

INSERT INTO `permissions` (`id`, `code`, `name`, `module`) VALUES
(1, 'view_all_employees', 'Xem ton b nhn vin', 'employees'),
(2, 'edit_employee', 'Sa thng tin nhn vin', 'employees'),
(3, 'view_attendance', 'Xem bng chm cng', 'attendance'),
(4, 'edit_attendance', 'Chm cng nhn vin', 'attendance'),
(5, 'lock_attendance', 'Kha/M kha bng cng', 'attendance'),
(6, 'view_salary', 'Xem bng lng', 'salary'),
(7, 'edit_salary', 'Tnh lng nhn vin', 'salary'),
(8, 'manage_projects', 'Qun l d n', 'projects'),
(9, 'manage_system', 'Ci t h thng', 'system');

-- --------------------------------------------------------

--
-- Table structure for table `positions`
--

CREATE TABLE `positions` (
  `id` int(11) NOT NULL,
  `department_id` int(11) NOT NULL,
  `name` varchar(100) NOT NULL,
  `code` varchar(50) DEFAULT NULL,
  `created_at` timestamp NOT NULL DEFAULT current_timestamp(),
  `stt` int(11) DEFAULT 99
) ENGINE=InnoDB DEFAULT CHARSET=utf8mb4 COLLATE=utf8mb4_unicode_ci;

--
-- Dumping data for table `positions`
--

INSERT INTO `positions` (`id`, `department_id`, `name`, `code`, `created_at`, `stt`) VALUES
(17, 1, 'Tng Gim c', 'TGD', '2026-01-20 04:14:29', 0),
(18, 1, 'Ph Tng Gim c', 'PTGD', '2026-01-20 04:14:29', 1),
(19, 3, 'Trng Phng', 'TPKT', '2026-01-20 04:14:29', 0),
(20, 3, 'K ton', 'KT', '2026-01-20 04:14:29', 1),
(22, 14, 'Trng Phng', 'TPKD', '2026-01-20 04:14:29', 0),
(23, 14, 'Nhn vin', 'NVKD', '2026-01-20 04:14:29', 1),
(24, 15, 'Trng Phng', 'TPNS', '2026-01-20 04:14:29', 0),
(25, 15, 'Nhn vin', 'NVHR', '2026-01-20 04:14:29', 1),
(26, 8, 'Trng phng IT', 'TPIT', '2026-01-20 04:14:29', 0),
(27, 8, 'Nhn vin', 'NVIT', '2026-01-20 04:14:29', 1),
(28, 17, 'K s trng', 'KST', '2026-01-20 04:14:29', 0),
(29, 17, 'T trng', 'TTKT', '2026-01-20 04:14:29', 1),
(30, 17, 'Nhn vin', 'NVKT', '2026-01-20 04:14:29', 2),
(31, 6, 'T trng', 'TTVS', '2026-01-20 04:14:29', 0),
(32, 6, 'Nhn vin', 'NVVS', '2026-01-20 04:14:29', 1),
(33, 19, 'Trng Ban', 'TBQL', '2026-01-20 05:16:38', 0),
(34, 19, 'Ph Ban', 'PBQL', '2026-01-20 05:16:46', 1),
(35, 19, 'Gim st DV', 'GSDV', '2026-01-20 05:16:53', 2),
(36, 20, 'Nhn vin', 'NVCX', '2026-01-20 06:29:30', 0),
(37, 21, 'T trng', 'TTBV', '2026-01-21 03:28:33', 0),
(38, 21, 'Nhn vin', 'NVBV', '2026-01-21 03:28:38', 1),
(39, 19, 'K ton d n', 'KTDA', '2026-01-21 07:07:14', 3),
(40, 19, 'L tn', 'LT', '2026-01-21 07:07:27', 4),
(41, 19, 'Chm sc khch hng', 'CSKH', '2026-01-21 07:07:46', 5);

-- --------------------------------------------------------

--
-- Table structure for table `projects`
--

CREATE TABLE `projects` (
  `id` int(11) NOT NULL,
  `stt` int(11) DEFAULT 0,
  `name` varchar(150) NOT NULL,
  `code` varchar(50) NOT NULL,
  `address` varchar(255) DEFAULT NULL,
  `manager_id` int(11) DEFAULT NULL COMMENT 'ID of the project manager (user_id)',
  `headcount_required` int(11) DEFAULT 0 COMMENT 'nh bin nhn s cn thit',
  `status` enum('active','completed','pending') DEFAULT 'active',
  `created_at` timestamp NOT NULL DEFAULT current_timestamp()
) ENGINE=InnoDB DEFAULT CHARSET=utf8mb4 COLLATE=utf8mb4_unicode_ci;

--
-- Dumping data for table `projects`
--

INSERT INTO `projects` (`id`, `stt`, `name`, `code`, `address`, `manager_id`, `headcount_required`, `status`, `created_at`) VALUES
(1, 0, '4S RIVERSIDE GARDEN', 'DA4SRS', '75/15 ng s 17 Khu Ph 3, Phng Hip Bnh, TP.HCM', NULL, 0, 'active', '2026-01-20 02:53:58'),
(2, 0, 'CANTAVIL PREMIER', 'DACTVPRM', 'S 1 Song Hnh, Phng Bnh Trng, TP.HCM', NULL, 0, 'active', '2026-01-20 02:53:58'),
(3, 0, 'CITIZEN.TS', 'DACTZ', 'ng s 9A Khu dn c Trung Sn, Phng Bnh ng, TP.HCM', NULL, 0, 'active', '2026-01-20 02:53:58'),
(4, 0, 'CITRINE APARTMENT', 'DACTP', '127 Tng Nhn Ph, Phng Phc Long, TP.HCM', NULL, 0, 'active', '2026-01-20 02:53:58'),
(5, 0, 'COPAC SQUARE', 'DACPSQ', '12 Tn n, Phng Xm Chiu, TP.HCM', NULL, 0, 'active', '2026-01-20 02:53:58'),
(6, 0, 'FLORA ANH O', 'DAFLRAD', '619  Xun Hp, Phng Phc Long, TP.HCM', NULL, 0, 'active', '2026-01-20 02:53:58'),
(7, 0, 'FLORA KIKYO', 'DAFLRKKO', 'T 9 Khu Ph 2, Phng Ph Thun, TP.HCM', NULL, 0, 'pending', '2026-01-20 02:53:58'),
(8, 0, 'HONG ANH GIA LAI 2', 'DAHAGL2', '769-783 Trn Xun Son, Phng Tn Hng, TP.HCM', NULL, 0, 'active', '2026-01-20 02:53:58'),
(9, 0, 'HOMYLAND 2', 'DAHML2', '307 ng Nguyn Duy Trinh, Phng Bnh Trng, TP.HCM', NULL, 0, 'active', '2026-01-20 02:53:58'),
(10, 0, 'HORIZON', 'DAHRZ', '214 Trn Quang Khi, Phng Tn nh, TP.HCM', NULL, 0, 'active', '2026-01-20 02:53:58'),
(11, 0, 'HNG PHT', 'DAHP1', '928 L Vn Lng, X Nh B, TP.HCM', NULL, 0, 'active', '2026-01-20 02:53:58'),
(12, 0, 'HNG PHT SILVER STAR', 'DAHP2', '156A Nguyn Hu Th, X Nh B, TP.HCM', NULL, 0, 'active', '2026-01-20 02:53:58'),
(13, 0, 'KHNH HI 1', 'DAKH1', '360C Bn Vn n, Phng Vnh Hi, TP.HCM', NULL, 0, 'active', '2026-01-20 02:53:58'),
(14, 0, 'KHNH HI 2', 'DAKH2', '360A Bn Vn n, Phng Vnh Hi, TP.HCM', NULL, 0, 'active', '2026-01-20 02:53:58'),
(15, 0, 'KHNH HI 3', 'DAKH3', '360G Bn Vn n, Phng Vnh Hi, TP.HCM', NULL, 0, 'active', '2026-01-20 02:53:58'),
(16, 0, 'LAN PHNG MHBR', 'DALPMHBR', '104 ng H Vn T, Phng Trng Th, TP.HCM', NULL, 0, 'active', '2026-01-20 02:53:58'),
(17, 0, 'L R7 AN KHNH', 'DAR7AK', '23 Lu nh L, Phng An Khnh, TP.HCM', NULL, 0, 'active', '2026-01-20 02:53:58'),
(18, 0, 'NHT LAN II', 'DANL2', 'ng 54A, Phng Tn To, TP.HCM', NULL, 0, 'active', '2026-01-20 02:53:58'),
(19, 0, 'ORIENT APARTMENT', 'DAORE', '331 Bn Vn n, Phng Vnh Hi, TP.HCM', NULL, 0, 'active', '2026-01-20 02:53:58'),
(20, 0, 'PH GIA PHC', 'DAPGP', '94 T Vnh Din, Phng Th c, TP.HCM', NULL, 0, 'active', '2026-01-20 02:53:58'),
(21, 0, 'PH GIA', 'DAPGA', 'Khu dn c Ph Gia, X Nh B, TP.HCM', NULL, 0, 'active', '2026-01-20 02:53:58'),
(22, 0, 'SAI GON METRO PARK', 'DASGMT', 'ng s 1, Phng Th c, TP.HCM', NULL, 0, 'active', '2026-01-20 02:53:58'),
(23, 0, 'SAMSORA RIVERSIDE', 'DASSRRS', '207A Quc l 1A Khu ph Quyt Thng, Phng D An, TP.HCM', NULL, 0, 'active', '2026-01-20 02:53:58'),
(24, 0, 'SCREC II', 'DASCRII', 'ng s 4 Khu  th mi, Phng Bnh Trng, TP.HCM', NULL, 0, 'active', '2026-01-20 02:53:58'),
(25, 0, 'SEN HNG A', 'DASHA', 'Khu ph Bnh ng 3, Phng D An, TP.HCM', NULL, 0, 'active', '2026-01-20 02:53:58'),
(26, 0, 'SEN HNG BC', 'DASHBC', 'Khu ph Bnh ng 3, Phng D An, TP.HCM', NULL, 0, 'active', '2026-01-20 02:53:58'),
(27, 0, 'SNG ', 'DASDTW', '14B K ng, Phng Nhiu Lc, TP.HCM', NULL, 0, 'active', '2026-01-20 02:53:58'),
(28, 0, 'TAM PH', 'DASVTP', '1A-1B ng Cy Keo, Phng Tam Bnh, TP.HCM', NULL, 0, 'active', '2026-01-20 02:53:58'),
(29, 0, 'TDH - PHC LONG', 'DATDHPL', 'ng 672, Phng Phc Long, TP.HCM', NULL, 0, 'active', '2026-01-20 02:53:58'),
(30, 0, 'THE STAR', 'DATS', '1123 Quc L 1A, Phng Tn To, TP.HCM', NULL, 0, 'active', '2026-01-20 02:53:58'),
(31, 0, 'THE USEFUL APARTMENT', 'DAUFAP', '654/06 Lc Long Qun, Phng Tn Ha, TP.HCM', NULL, 0, 'active', '2026-01-20 02:53:58'),
(32, 0, 'TOPAZ CITY KHI B', 'DATPCT', '39 Cao L, Phng Chnh Hng, TP.HCM', NULL, 0, 'active', '2026-01-20 02:53:58'),
(33, 0, 'TOPAZ ELITE PHOENIX 1', 'DATPEP1', '547-549 T Quang Bu, Phng Chnh Hng, TP.HCM', NULL, 0, 'active', '2026-01-20 02:53:58'),
(34, 0, 'TOPAZ ELITE PHOENIX 2', 'DATPEP2', '37 Cao L, Phng Chnh Hng, TP.HCM', NULL, 0, 'active', '2026-01-20 02:53:58'),
(35, 0, 'TOPAZ HOME 2 - BLOCK B', 'DATPH2', '215 ng s 138, Phng Tng Nhn Ph, TP.HCM', NULL, 0, 'active', '2026-01-20 02:53:58'),
(36, 0, 'VN ', 'DAVDA', '348 Bn Vn n, Phng Vnh Hi, TP.HCM', NULL, 0, 'active', '2026-01-20 02:53:58'),
(37, 0, 'VN PHNG CNG TY', 'VPC', '360C Bn Vn n, Phng Vnh Hi, TP.HCM', NULL, 0, 'active', '2026-01-20 02:53:58');

-- --------------------------------------------------------

--
-- Table structure for table `project_positions`
--

CREATE TABLE `project_positions` (
  `id` int(11) NOT NULL,
  `project_id` int(11) NOT NULL,
  `department_id` int(11) DEFAULT NULL,
  `position_name` varchar(100) NOT NULL COMMENT 'Lu tn chc v  linh hot hoc join vi bng positions',
  `count_required` int(11) DEFAULT 1,
  `created_at` timestamp NOT NULL DEFAULT current_timestamp()
) ENGINE=InnoDB DEFAULT CHARSET=utf8mb4 COLLATE=utf8mb4_unicode_ci;

--
-- Dumping data for table `project_positions`
--

INSERT INTO `project_positions` (`id`, `project_id`, `department_id`, `position_name`, `count_required`, `created_at`) VALUES
(1, 13, NULL, 'Trng Ban qun l', 1, '2026-01-20 05:17:20'),
(3, 37, 8, 'Trng Phng', 1, '2026-01-20 08:15:01'),
(7, 32, 19, 'Gim st dch v', 1, '2026-01-21 03:19:11'),
(11, 32, 17, 'Nhn vin', 2, '2026-01-21 03:27:14'),
(21, 32, 6, 'Nhn vin', 5, '2026-01-21 03:36:17'),
(23, 32, 21, 'Nhn vin', 12, '2026-01-21 03:37:24'),
(24, 32, 6, 'T trng', 1, '2026-01-21 07:46:06'),
(25, 32, 19, 'Trng Ban', 1, '2026-01-21 07:53:29'),
(26, 32, 17, 'T trng', 1, '2026-01-21 07:54:52'),
(27, 32, 21, 'T trng', 2, '2026-01-21 07:56:01'),
(28, 32, 19, 'K ton d n', 1, '2026-01-22 01:32:23');

-- --------------------------------------------------------

--
-- Table structure for table `project_support_allowances`
--

CREATE TABLE `project_support_allowances` (
  `id` int(11) NOT NULL,
  `employee_id` int(11) NOT NULL,
  `project_id` int(11) NOT NULL,
  `support_date` date NOT NULL,
  `amount` decimal(15,2) DEFAULT 0.00 COMMENT 'S tin h tr/ngy',
  `note` text DEFAULT NULL,
  `created_at` timestamp NOT NULL DEFAULT current_timestamp()
) ENGINE=InnoDB DEFAULT CHARSET=utf8mb4 COLLATE=utf8mb4_unicode_ci;

-- --------------------------------------------------------

--
-- Table structure for table `proposals`
--

CREATE TABLE `proposals` (
  `id` int(11) NOT NULL,
  `employee_id` int(11) NOT NULL COMMENT 'Ng?????i t???o ????? xu???t',
  `project_id` int(11) DEFAULT NULL,
  `type` enum('leave','shift_change','personnel','overtime','other') NOT NULL,
  `title` varchar(150) NOT NULL,
  `content` text NOT NULL,
  `status` enum('pending','approved','rejected') DEFAULT 'pending',
  `approved_by` int(11) DEFAULT NULL,
  `approved_at` datetime DEFAULT NULL,
  `created_at` timestamp NOT NULL DEFAULT current_timestamp()
) ENGINE=InnoDB DEFAULT CHARSET=utf8mb4 COLLATE=utf8mb4_general_ci;

-- --------------------------------------------------------

--
-- Table structure for table `roles`
--

CREATE TABLE `roles` (
  `id` int(11) NOT NULL,
  `name` varchar(50) NOT NULL,
  `display_name` varchar(100) NOT NULL,
  `description` text DEFAULT NULL
) ENGINE=InnoDB DEFAULT CHARSET=utf8mb4 COLLATE=utf8mb4_unicode_ci;

--
-- Dumping data for table `roles`
--

INSERT INTO `roles` (`id`, `name`, `display_name`, `description`) VALUES
(1, 'ADMIN', 'Qun tr h thng', NULL),
(2, 'HR_MANAGER', 'Trng phng Nhn s', NULL),
(3, 'IT', 'Qun tr IT', NULL),
(4, 'HR_ATTENDANCE', 'HR Chm cng', NULL),
(5, 'HR_SALARY', 'HR Tin lng', NULL),
(6, 'HR_DOCUMENTS', 'HR H s - Php ch', NULL);

-- --------------------------------------------------------

--
-- Table structure for table `role_permissions`
--

CREATE TABLE `role_permissions` (
  `role_id` int(11) NOT NULL,
  `permission_id` int(11) NOT NULL
) ENGINE=InnoDB DEFAULT CHARSET=utf8mb4 COLLATE=utf8mb4_unicode_ci;

--
-- Dumping data for table `role_permissions`
--

INSERT INTO `role_permissions` (`role_id`, `permission_id`) VALUES
(1, 1),
(1, 2),
(1, 3),
(1, 4),
(1, 5),
(1, 6),
(1, 7),
(1, 8),
(1, 9),
(2, 1),
(2, 2),
(2, 3),
(2, 4),
(2, 5),
(2, 6),
(2, 8),
(4, 3),
(4, 4);

-- --------------------------------------------------------

--
-- Table structure for table `settings`
--

CREATE TABLE `settings` (
  `id` int(11) NOT NULL,
  `setting_key` varchar(50) NOT NULL,
  `setting_value` text DEFAULT NULL
) ENGINE=InnoDB DEFAULT CHARSET=utf8mb4 COLLATE=utf8mb4_unicode_ci;

--
-- Dumping data for table `settings`
--

INSERT INTO `settings` (`id`, `setting_key`, `setting_value`) VALUES
(1, 'company_name', 'CNG TY TNHH KHASERVICE'),
(2, 'company_address', 'Tng 1, Khu Thng Mi, 360C Bn Vn n, Phng 1, Qun 4, TP.HCM'),
(3, 'admin_email', 'admin@khaservice.vn'),
(4, 'system_version', '1.0.0'),
(8, 'company_phone', '02838253041'),
(9, 'company_website', 'https://khaservice.com.vn/'),
(25, 'insurance_bhxh_percent', '8'),
(26, 'insurance_bhyt_percent', '1.5'),
(27, 'insurance_bhtn_percent', '1'),
(43, 'salary_ot_rate_normal', '1'),
(44, 'salary_ot_rate_sunday', '1'),
(45, 'salary_ot_rate_holiday', '1'),
(46, 'salary_union_fee_default', '54000');

-- --------------------------------------------------------

--
-- Table structure for table `shifts`
--

CREATE TABLE `shifts` (
  `id` int(11) NOT NULL,
  `project_id` int(11) DEFAULT NULL COMMENT 'NULL for global shifts (office), specific ID for project shifts',
  `name` varchar(100) NOT NULL COMMENT 'Ca H??nh ch??nh, Ca S??ng, Ca ????m...',
  `start_time` time NOT NULL,
  `end_time` time NOT NULL,
  `type` enum('office','8h','12h','24h') NOT NULL DEFAULT '8h',
  `description` varchar(255) DEFAULT NULL
) ENGINE=InnoDB DEFAULT CHARSET=utf8mb4 COLLATE=utf8mb4_general_ci;

--
-- Dumping data for table `shifts`
--

INSERT INTO `shifts` (`id`, `project_id`, `name`, `start_time`, `end_time`, `type`, `description`) VALUES
(1, 37, 'Ca hnh chnh', '08:00:00', '17:00:00', '8h', NULL);

-- --------------------------------------------------------

--
-- Table structure for table `storage_nodes`
--

CREATE TABLE `storage_nodes` (
  `id` int(11) NOT NULL,
  `node_name` varchar(100) NOT NULL COMMENT 'Tn my (VD: PC_VANPHONG)',
  `node_key` varchar(64) NOT NULL COMMENT 'Key nh danh duy nht',
  `auth_token` varchar(255) DEFAULT NULL COMMENT 'Token bo mt trao i vi API',
  `node_type` enum('primary','secondary') DEFAULT 'primary',
  `last_heartbeat` datetime DEFAULT NULL,
  `status` enum('online','offline') DEFAULT 'offline',
  `ip_address` varchar(45) DEFAULT NULL,
  `created_at` timestamp NOT NULL DEFAULT current_timestamp()
) ENGINE=InnoDB DEFAULT CHARSET=utf8mb4 COLLATE=utf8mb4_unicode_ci;

-- --------------------------------------------------------

--
-- Table structure for table `users`
--

CREATE TABLE `users` (
  `id` int(11) NOT NULL,
  `employee_id` int(11) DEFAULT NULL,
  `username` varchar(50) NOT NULL,
  `password` varchar(255) NOT NULL,
  `fullname` varchar(100) NOT NULL,
  `email` varchar(100) DEFAULT NULL,
  `role` enum('admin','manager','staff') DEFAULT 'staff',
  `role_id` int(11) DEFAULT NULL,
  `status` tinyint(1) DEFAULT 1,
  `remember_token` varchar(100) DEFAULT NULL,
  `created_at` timestamp NOT NULL DEFAULT current_timestamp(),
  `updated_at` timestamp NOT NULL DEFAULT current_timestamp() ON UPDATE current_timestamp()
) ENGINE=InnoDB DEFAULT CHARSET=utf8mb4 COLLATE=utf8mb4_unicode_ci;

--
-- Dumping data for table `users`
--

INSERT INTO `users` (`id`, `employee_id`, `username`, `password`, `fullname`, `email`, `role`, `role_id`, `status`, `remember_token`, `created_at`, `updated_at`) VALUES
(1, NULL, 'admin', '$2y$10$GzcqUQwxLKC/wxCJP.g2l./Wi1GFc6mZXmhSlndw7iafRNSvmdLYe', 'Administrator', NULL, 'admin', 1, 1, 'Ls3ufoyrzPA1ZNtVfk4Q2IsShvZutOrbmvA3PYNYtZZ7CTBhBmAmrjEmoYwN', '2026-01-20 03:06:52', '2026-01-22 03:12:15');

--
-- Indexes for dumped tables
--

--
-- Indexes for table `attendance`
--
ALTER TABLE `attendance`
  ADD PRIMARY KEY (`id`),
  ADD UNIQUE KEY `unique_emp_date` (`employee_id`,`date`),
  ADD KEY `employee_id` (`employee_id`),
  ADD KEY `project_id` (`project_id`),
  ADD KEY `date` (`date`),
  ADD KEY `idx_proj_date` (`project_id`,`date`),
  ADD KEY `idx_emp_date` (`employee_id`,`date`);

--
-- Indexes for table `attendance_locks`
--
ALTER TABLE `attendance_locks`
  ADD PRIMARY KEY (`id`),
  ADD UNIQUE KEY `unique_lock` (`project_id`,`month`,`year`);

--
-- Indexes for table `attendance_logs`
--
ALTER TABLE `attendance_logs`
  ADD PRIMARY KEY (`id`);

--
-- Indexes for table `attendance_symbols`
--
ALTER TABLE `attendance_symbols`
  ADD PRIMARY KEY (`id`),
  ADD UNIQUE KEY `code` (`code`);

--
-- Indexes for table `contracts`
--
ALTER TABLE `contracts`
  ADD PRIMARY KEY (`id`),
  ADD KEY `employee_id` (`employee_id`);

--
-- Indexes for table `departments`
--
ALTER TABLE `departments`
  ADD PRIMARY KEY (`id`),
  ADD UNIQUE KEY `code` (`code`);

--
-- Indexes for table `documents`
--
ALTER TABLE `documents`
  ADD PRIMARY KEY (`id`),
  ADD KEY `employee_id` (`employee_id`),
  ADD KEY `idx_storage_status` (`storage_status`);

--
-- Indexes for table `document_settings`
--
ALTER TABLE `document_settings`
  ADD PRIMARY KEY (`id`),
  ADD UNIQUE KEY `code` (`code`);

--
-- Indexes for table `employees`
--
ALTER TABLE `employees`
  ADD PRIMARY KEY (`id`),
  ADD KEY `department_id` (`department_id`),
  ADD KEY `current_project_id` (`current_project_id`),
  ADD KEY `code` (`code`),
  ADD KEY `identity_card` (`identity_card`),
  ADD KEY `idx_curr_proj_status` (`current_project_id`,`status`);

--
-- Indexes for table `employee_leave_balances`
--
ALTER TABLE `employee_leave_balances`
  ADD PRIMARY KEY (`id`),
  ADD UNIQUE KEY `employee_id` (`employee_id`);

--
-- Indexes for table `employee_salaries`
--
ALTER TABLE `employee_salaries`
  ADD PRIMARY KEY (`id`),
  ADD UNIQUE KEY `employee_id` (`employee_id`);

--
-- Indexes for table `employee_status_history`
--
ALTER TABLE `employee_status_history`
  ADD PRIMARY KEY (`id`);

--
-- Indexes for table `insurances`
--
ALTER TABLE `insurances`
  ADD PRIMARY KEY (`id`),
  ADD UNIQUE KEY `employee_id` (`employee_id`);

--
-- Indexes for table `leave_requests`
--
ALTER TABLE `leave_requests`
  ADD PRIMARY KEY (`id`),
  ADD KEY `employee_id` (`employee_id`);

--
-- Indexes for table `payroll`
--
ALTER TABLE `payroll`
  ADD PRIMARY KEY (`id`),
  ADD UNIQUE KEY `employee_id` (`employee_id`,`month`,`year`),
  ADD KEY `project_id` (`project_id`),
  ADD KEY `idx_emp_month_year` (`employee_id`,`month`,`year`),
  ADD KEY `idx_proj_month_year` (`project_id`,`month`,`year`);

--
-- Indexes for table `permissions`
--
ALTER TABLE `permissions`
  ADD PRIMARY KEY (`id`),
  ADD UNIQUE KEY `code` (`code`);

--
-- Indexes for table `positions`
--
ALTER TABLE `positions`
  ADD PRIMARY KEY (`id`);

--
-- Indexes for table `projects`
--
ALTER TABLE `projects`
  ADD PRIMARY KEY (`id`),
  ADD UNIQUE KEY `code` (`code`);

--
-- Indexes for table `project_positions`
--
ALTER TABLE `project_positions`
  ADD PRIMARY KEY (`id`),
  ADD UNIQUE KEY `unique_proj_dept_pos` (`project_id`,`department_id`,`position_name`);

--
-- Indexes for table `project_support_allowances`
--
ALTER TABLE `project_support_allowances`
  ADD PRIMARY KEY (`id`);

--
-- Indexes for table `proposals`
--
ALTER TABLE `proposals`
  ADD PRIMARY KEY (`id`),
  ADD KEY `employee_id` (`employee_id`),
  ADD KEY `project_id` (`project_id`);

--
-- Indexes for table `roles`
--
ALTER TABLE `roles`
  ADD PRIMARY KEY (`id`),
  ADD UNIQUE KEY `name` (`name`);

--
-- Indexes for table `role_permissions`
--
ALTER TABLE `role_permissions`
  ADD PRIMARY KEY (`role_id`,`permission_id`),
  ADD KEY `permission_id` (`permission_id`);

--
-- Indexes for table `settings`
--
ALTER TABLE `settings`
  ADD PRIMARY KEY (`id`),
  ADD UNIQUE KEY `setting_key` (`setting_key`);

--
-- Indexes for table `shifts`
--
ALTER TABLE `shifts`
  ADD PRIMARY KEY (`id`),
  ADD KEY `project_id` (`project_id`);

--
-- Indexes for table `storage_nodes`
--
ALTER TABLE `storage_nodes`
  ADD PRIMARY KEY (`id`),
  ADD UNIQUE KEY `unique_node_key` (`node_key`);

--
-- Indexes for table `users`
--
ALTER TABLE `users`
  ADD PRIMARY KEY (`id`),
  ADD UNIQUE KEY `username` (`username`),
  ADD KEY `fk_users_employees` (`employee_id`);

--
-- AUTO_INCREMENT for dumped tables
--

--
-- AUTO_INCREMENT for table `attendance`
--
ALTER TABLE `attendance`
  MODIFY `id` int(11) NOT NULL AUTO_INCREMENT, AUTO_INCREMENT=902;

--
-- AUTO_INCREMENT for table `attendance_locks`
--
ALTER TABLE `attendance_locks`
  MODIFY `id` int(11) NOT NULL AUTO_INCREMENT, AUTO_INCREMENT=18;

--
-- AUTO_INCREMENT for table `attendance_logs`
--
ALTER TABLE `attendance_logs`
  MODIFY `id` int(11) NOT NULL AUTO_INCREMENT, AUTO_INCREMENT=1090;

--
-- AUTO_INCREMENT for table `attendance_symbols`
--
ALTER TABLE `attendance_symbols`
  MODIFY `id` int(11) NOT NULL AUTO_INCREMENT, AUTO_INCREMENT=15;

--
-- AUTO_INCREMENT for table `contracts`
--
ALTER TABLE `contracts`
  MODIFY `id` int(11) NOT NULL AUTO_INCREMENT;

--
-- AUTO_INCREMENT for table `departments`
--
ALTER TABLE `departments`
  MODIFY `id` int(11) NOT NULL AUTO_INCREMENT, AUTO_INCREMENT=22;

--
-- AUTO_INCREMENT for table `documents`
--
ALTER TABLE `documents`
  MODIFY `id` int(11) NOT NULL AUTO_INCREMENT, AUTO_INCREMENT=11;

--
-- AUTO_INCREMENT for table `document_settings`
--
ALTER TABLE `document_settings`
  MODIFY `id` int(11) NOT NULL AUTO_INCREMENT, AUTO_INCREMENT=18;

--
-- AUTO_INCREMENT for table `employees`
--
ALTER TABLE `employees`
  MODIFY `id` int(11) NOT NULL AUTO_INCREMENT, AUTO_INCREMENT=59;

--
-- AUTO_INCREMENT for table `employee_leave_balances`
--
ALTER TABLE `employee_leave_balances`
  MODIFY `id` int(11) NOT NULL AUTO_INCREMENT, AUTO_INCREMENT=187;

--
-- AUTO_INCREMENT for table `employee_salaries`
--
ALTER TABLE `employee_salaries`
  MODIFY `id` int(11) NOT NULL AUTO_INCREMENT, AUTO_INCREMENT=46;

--
-- AUTO_INCREMENT for table `employee_status_history`
--
ALTER TABLE `employee_status_history`
  MODIFY `id` int(11) NOT NULL AUTO_INCREMENT, AUTO_INCREMENT=24;

--
-- AUTO_INCREMENT for table `insurances`
--
ALTER TABLE `insurances`
  MODIFY `id` int(11) NOT NULL AUTO_INCREMENT;

--
-- AUTO_INCREMENT for table `leave_requests`
--
ALTER TABLE `leave_requests`
  MODIFY `id` int(11) NOT NULL AUTO_INCREMENT;

--
-- AUTO_INCREMENT for table `payroll`
--
ALTER TABLE `payroll`
  MODIFY `id` int(11) NOT NULL AUTO_INCREMENT, AUTO_INCREMENT=152;

--
-- AUTO_INCREMENT for table `permissions`
--
ALTER TABLE `permissions`
  MODIFY `id` int(11) NOT NULL AUTO_INCREMENT, AUTO_INCREMENT=10;

--
-- AUTO_INCREMENT for table `positions`
--
ALTER TABLE `positions`
  MODIFY `id` int(11) NOT NULL AUTO_INCREMENT, AUTO_INCREMENT=43;

--
-- AUTO_INCREMENT for table `projects`
--
ALTER TABLE `projects`
  MODIFY `id` int(11) NOT NULL AUTO_INCREMENT, AUTO_INCREMENT=40;

--
-- AUTO_INCREMENT for table `project_positions`
--
ALTER TABLE `project_positions`
  MODIFY `id` int(11) NOT NULL AUTO_INCREMENT, AUTO_INCREMENT=29;

--
-- AUTO_INCREMENT for table `project_support_allowances`
--
ALTER TABLE `project_support_allowances`
  MODIFY `id` int(11) NOT NULL AUTO_INCREMENT;

--
-- AUTO_INCREMENT for table `proposals`
--
ALTER TABLE `proposals`
  MODIFY `id` int(11) NOT NULL AUTO_INCREMENT;

--
-- AUTO_INCREMENT for table `roles`
--
ALTER TABLE `roles`
  MODIFY `id` int(11) NOT NULL AUTO_INCREMENT, AUTO_INCREMENT=7;

--
-- AUTO_INCREMENT for table `settings`
--
ALTER TABLE `settings`
  MODIFY `id` int(11) NOT NULL AUTO_INCREMENT, AUTO_INCREMENT=47;

--
-- AUTO_INCREMENT for table `shifts`
--
ALTER TABLE `shifts`
  MODIFY `id` int(11) NOT NULL AUTO_INCREMENT, AUTO_INCREMENT=2;

--
-- AUTO_INCREMENT for table `storage_nodes`
--
ALTER TABLE `storage_nodes`
  MODIFY `id` int(11) NOT NULL AUTO_INCREMENT;

--
-- AUTO_INCREMENT for table `users`
--
ALTER TABLE `users`
  MODIFY `id` int(11) NOT NULL AUTO_INCREMENT, AUTO_INCREMENT=5;

--
-- Constraints for dumped tables
--

--
-- Constraints for table `employee_leave_balances`
--
ALTER TABLE `employee_leave_balances`
  ADD CONSTRAINT `employee_leave_balances_ibfk_1` FOREIGN KEY (`employee_id`) REFERENCES `employees` (`id`) ON DELETE CASCADE;

--
-- Constraints for table `employee_salaries`
--
ALTER TABLE `employee_salaries`
  ADD CONSTRAINT `employee_salaries_ibfk_1` FOREIGN KEY (`employee_id`) REFERENCES `employees` (`id`) ON DELETE CASCADE;

--
-- Constraints for table `leave_requests`
--
ALTER TABLE `leave_requests`
  ADD CONSTRAINT `leave_requests_ibfk_1` FOREIGN KEY (`employee_id`) REFERENCES `employees` (`id`) ON DELETE CASCADE;

--
-- Constraints for table `role_permissions`
--
ALTER TABLE `role_permissions`
  ADD CONSTRAINT `role_permissions_ibfk_1` FOREIGN KEY (`role_id`) REFERENCES `roles` (`id`) ON DELETE CASCADE,
  ADD CONSTRAINT `role_permissions_ibfk_2` FOREIGN KEY (`permission_id`) REFERENCES `permissions` (`id`) ON DELETE CASCADE;

--
-- Constraints for table `users`
--
ALTER TABLE `users`
  ADD CONSTRAINT `fk_users_employees` FOREIGN KEY (`employee_id`) REFERENCES `employees` (`id`) ON DELETE SET NULL;
COMMIT;

/*!40101 SET CHARACTER_SET_CLIENT=@OLD_CHARACTER_SET_CLIENT */;
/*!40101 SET CHARACTER_SET_RESULTS=@OLD_CHARACTER_SET_RESULTS */;
/*!40101 SET COLLATION_CONNECTION=@OLD_COLLATION_CONNECTION */;
